;cpuFamily;cpuModel;ramSize;ramType;gpuModel;hdd1Type;hdd1Size;hdd2Type;hdd2Size;price;vfm;mark;TDP
0;Core i5;8250U;8 GB;DDR4;UHD Graphics 620;SSD;256 GB;-;-;474,0;16,141350210970465;7651;15
1;Core i5;8265U;8 GB;DDR4;UHD Graphics 620;SSD;256 GB;-;-;476,4;16,746431570109152;7978;15
2;Core i5;8265U;8 GB;DDR4;UHD Graphics 620;SSD;256 GB;-;-;478,0;16,690376569037657;7978;15
3;Core i5;8265U;8 GB;DDR4;UHD Graphics 620;SSD;128 GB;-;-;499,0;15,987975951903808;7978;15
5;Core i5;8250U;8 GB;DDR4;UHD Graphics 620;SSD;128 GB;HDD;1000 GB;509,0;15,031434184675835;7651;15
6;Core i5;8265U;8 GB;DDR4;UHD Graphics 620;SSD;256 GB;-;-;509,0;15,673870333988212;7978;15
7;Core i5;8265U;8 GB;DDR4;Radeon 520;SSD;256 GB;-;-;516,0;15,46124031007752;7978;15
8;Core i5;8265U;8 GB;DDR4;UHD Graphics 620;SSD;256 GB;-;-;518,99;15,3721651669589;7978;15
9;Core i5;8250U;8 GB;DDR4;UHD Graphics 620;SSD;256 GB;-;-;519,0;14,741811175337187;7651;15
10;Core i5;7200U;8 GB;DDR4;HD Graphics 620;SSD;256 GB;-;-;519,0;8,791907514450868;4563;15
11;Core i5;7200U;8 GB;DDR4;HD Graphics 620;SSD;256 GB;-;-;519,0;8,791907514450868;4563;15
12;Core i5;8265U;8 GB;DDR4;UHD Graphics 620;SSD;256 GB;-;-;528,0;15,109848484848484;7978;15
13;Core i5;8250U;8 GB;DDR4;UHD Graphics 620;SSD;512 GB;-;-;529,0;14,463137996219281;7651;15
14;Core i5;8250U;8 GB;DDR4;UHD Graphics 620;SSD;256 GB;-;-;538,0;14,221189591078067;7651;15
15;Core i5;7200U;8 GB;DDR4;HD Graphics 620;SSD;256 GB;-;-;539,0;8,465677179962894;4563;15
16;Core i5;8250U;8 GB;DDR4;UHD Graphics 620;SSD;256 GB;-;-;539,0;14,194805194805195;7651;15
17;Core i5;8265U;8 GB;DDR4;UHD Graphics 620;SSD;256 GB;-;-;539,0;14,801484230055658;7978;15
18;Core i5;8265U;8 GB;DDR4;Radeon 520;SSD;256 GB;-;-;545,0;14,638532110091743;7978;15
19;Core i5;8250U;8 GB;DDR4;UHD Graphics 620;SSD;256 GB;-;-;546,0;14,012820512820513;7651;15
20;Core i5;8265U;8 GB;DDR4;GeForce MX110;SSD;256 GB;-;-;549,0;14,531876138433516;7978;15
21;Core i5;8250U;8 GB;DDR4;UHD Graphics 620;SSD;128 GB;HDD;1000 GB;558,0;13,71146953405018;7651;15
22;Core i5;7200U;8 GB;DDR4;GeForce 940MX;SSD;256 GB;-;-;559,0;8,162790697674419;4563;15
23;Core i5;8250U;8 GB;DDR4;GeForce MX150;SSD;512 GB;-;-;564,0;13,565602836879433;7651;15
24;Core i5;8250U;8 GB;DDR4;UHD Graphics 620;SSD;256 GB;-;-;579,0;13,214162348877375;7651;15
25;Core i5;8265U;8 GB;DDR4;UHD Graphics 620;SSD;512 GB;-;-;579,01;13,778691214314088;7978;15
27;Core i5;8265U;8 GB;DDR4;UHD Graphics 620;SSD;256 GB;-;-;585,0;13,637606837606837;7978;15
29;Core i7;8565U;8 GB;DDR4;UHD Graphics 620;SSD;256 GB;-;-;589,0;15,117147707979626;8904;15
30;Core i5;8250U;8 GB;DDR4;Radeon 530;SSD;512 GB;-;-;589,0;12,98981324278438;7651;15
31;Core i5;8250U;8 GB;DDR4;GeForce MX150;SSD;256 GB;-;-;589,0;12,98981324278438;7651;15
32;Core i5;8265U;8 GB;DDR4;UHD Graphics 620;SSD;256 GB;-;-;589,0;13,544991511035654;7978;15
33;Core i5;8250U;8 GB;DDR4;UHD Graphics 620;SSD;256 GB;-;-;590,52;12,956377430061641;7651;15
34;Core i7;7500U;8 GB;DDR4;UHD Graphics 620;SSD;256 GB;-;-;598,0;8,568561872909699;5124;15
35;Core i5;8265U;8 GB;DDR4;UHD Graphics 620;SSD;256 GB;-;-;598,99;13,31908713000217;7978;15
36;Core i7;8550U;8 GB;DDR4;UHD Graphics 620;SSD;512 GB;HDD;1000 GB;599,0;13,766277128547578;8246;15
37;Core i5;8265U;8 GB;DDR4;UHD Graphics 620;SSD;128 GB;HDD;1000 GB;599,0;13,318864774624373;7978;15
38;Core i5;7200U;8 GB;DDR4;Radeon 530;SSD;256 GB;-;-;599,0;7,617696160267112;4563;15
39;Core i5;7200U;8 GB;DDR4;GeForce MX110;SSD;256 GB;-;-;599,0;7,617696160267112;4563;15
40;Core i5;8250U;8 GB;DDR4;UHD Graphics 620;SSD;256 GB;-;-;599,0;12,77295492487479;7651;15
41;Core i5;10210U;8 GB;DDR4;UHD Graphics;SSD;256 GB;-;-;599,0;15,20033388981636;9105;15
42;Core i5;7200U;8 GB;DDR4;GeForce MX110;SSD;256 GB;-;-;599,0;7,617696160267112;4563;15
43;Core i5;8265U;8 GB;DDR4;GeForce MX130;SSD;256 GB;-;-;599,24;13,313530471931113;7978;15
45;Core i5;8265U;8 GB;DDR4;UHD Graphics 620;SSD;256 GB;-;-;599,99;13,296888281471357;7978;15
46;Core i5;8250U;8 GB;DDR4;UHD Graphics 620;SSD;256 GB;-;-;602,14;12,70634736107882;7651;15
47;Core i5;8265U;8 GB;DDR4;UHD Graphics 620;SSD;256 GB;HDD;1000 GB;609,0;13,10016420361248;7978;15
48;Core i5;8265U;8 GB;DDR4;Radeon 520;SSD;256 GB;-;-;619,0;12,888529886914379;7978;15
49;Core i5;8250U;8 GB;DDR4;Radeon 530;SSD;256 GB;-;-;619,0;12,360258481421647;7651;15
50;Core i5;8265U;8 GB;DDR4;UHD Graphics 620;SSD;256 GB;HDD;1000 GB;619,0;12,888529886914379;7978;15
51;Core i5;8265U;8 GB;DDR4;GeForce MX130;SSD;8 GB;-;-;619,99;12,867949483056178;7978;15
52;Core i5;8265U;8 GB;DDR4;UHD Graphics 620;SSD;128 GB;-;-;625,0;12,7648;7978;15
53;Core i7;8565U;8 GB;DDR4;Radeon 520;SSD;256 GB;-;-;629,0;14,155802861685215;8904;15
55;Core i5;8265U;8 GB;DDR4;UHD Graphics 620;SSD;512 GB;-;-;635,0;12,563779527559054;7978;15
56;Core i5;7200U;8 GB;DDR4;Radeon 520;SSD;256 GB;-;-;636,99;7,163377761032355;4563;15
57;Core i5;8265U;8 GB;DDR4;UHD Graphics 620;SSD;256 GB;-;-;647,87;12,314198836186272;7978;15
58;Core i5;8265U;8 GB;DDR4;GeForce MX110;SSD;512 GB;-;-;649,0;12,29275808936826;7978;15
59;Core i5;8265U;8 GB;DDR4;GeForce MX250;SSD;256 GB;-;-;649,99;12,274034985153618;7978;15
60;Core i7;8565U;8 GB;DDR4;UHD Graphics 620;SSD;256 GB;-;-;650,0;13,698461538461538;8904;15
61;Core i5;8265U;8 GB;DDR4;GeForce MX230;SSD;512 GB;-;-;658,17;12,1214883692663;7978;15
62;Core i5;1035G1;8 GB;DDR4;GeForce MX230;SSD;1000 GB;-;-;659,0;13,64339908952959;8991;15
63;Core i5;8265U;8 GB;DDR4;Radeon 520;SSD;256 GB;-;-;664,0;12,015060240963855;7978;15
64;Core i7;7500U;8 GB;DDR4;GeForce MX110;SSD;256 GB;-;-;668,0;7,6706586826347305;5124;15
65;Core i5;7200U;8 GB;DDR4;HD Graphics 620;SSD;256 GB;-;-;676,2;6,748003549245785;4563;15
66;Core i5;8265U;8 GB;DDR4;UHD Graphics 620;SSD;256 GB;-;-;677,99;11,7671352084839;7978;15
67;Core i5;7200U;8 GB;DDR4;HD Graphics 620;SSD;512 GB;-;-;678,0;6,730088495575221;4563;15
68;Core i5;8265U;8 GB;DDR4;GeForce MX250;SSD;256 GB;HDD;1000 GB;679,0;11,74963181148748;7978;15
69;Core i5;8265U;8 GB;DDR4;GeForce MX250;SSD;256 GB;-;-;679,01;11,749458770857572;7978;15
70;Core i7;8565U;8 GB;DDR4;Radeon 520;SSD;256 GB;-;-;685,0;12,998540145985402;8904;15
71;Core i7;8550U;8 GB;DDR4;Radeon 530;SSD;256 GB;-;-;685,0;12,037956204379562;8246;15
72;Core i5;1035G1;8 GB;DDR4;UHD Graphics;SSD;256 GB;-;-;685,89;13,10851594278966;8991;15
73;Core i5;8265U;8 GB;DDR4;Radeon 520;SSD;512 GB;-;-;688,95;11,579940489150156;7978;15
74;Core i5;8300H;8 GB;DDR4;GeForce GTX 1050;SSD;256 GB;-;-;689,0;13,737300435413642;9465;45
75;Core i5;8265U;8 GB;DDR4;Radeon 520;SSD;256 GB;-;-;689,0;11,57910014513788;7978;15
76;Core i5;10210U;8 GB;DDR4;GeForce MX130;SSD;256 GB;-;-;694,0;13,119596541786743;9105;15
77;Core i5;8265U;8 GB;DDR4;UHD Graphics 620;SSD;256 GB;-;-;694,9;11,480788602676645;7978;15
78;Core i7;8550U;8 GB;DDR4;GeForce MX110;SSD;256 GB;-;-;697,0;11,830703012912481;8246;15
79;Core i5;8250U;8 GB;DDR4;GeForce GTX 1050;SSD;256 GB;-;-;697,0;10,977044476327116;7651;15
80;Core i7;8565U;8 GB;DDR4;UHD Graphics 620;SSD;256 GB;HDD;1000 GB;698,0;12,756446991404012;8904;15
81;Core i7;8565U;8 GB;DDR4;Radeon 520;SSD;256 GB;-;-;698,99;12,738379662083863;8904;15
82;Core i7;7500U;8 GB;DDR4;HD Graphics 620;SSD;256 GB;-;-;699,0;7,330472103004292;5124;15
83;Core i5;1035G1;12 GB;DDR4;UHD Graphics;SSD;512 GB;-;-;699,0;12,86266094420601;8991;15
84;Core i5;8265U;8 GB;DDR4;UHD Graphics 620;SSD;256 GB;-;-;699,0;11,413447782546495;7978;15
85;Core i5;8250U;8 GB;DDR4;UHD Graphics 620;SSD;256 GB;-;-;699,0;10,945636623748213;7651;15
86;Core i5;8265U;8 GB;DDR4;HD Graphics 620;SSD;256 GB;-;-;699,9;11,398771253036148;7978;15
88;Core i5;8250U;8 GB;DDR4;UHD Graphics 620;SSD;256 GB;-;-;701,0;10,914407988587731;7651;15
89;Core i5;8265U;8 GB;DDR4;Radeon 520;SSD;256 GB;-;-;702,72;11,353028233151184;7978;15
90;Core i7;8565U;8 GB;DDR4;Radeon 520;SSD;256 GB;-;-;709,0;12,558533145275035;8904;15
91;Core i7;8550U;8 GB;DDR4;GeForce MX150;SSD;128 GB;HDD;1000 GB;709,0;11,63046544428773;8246;15
92;Core i5;9300H;8 GB;DDR4;GeForce GTX 1050;SSD;256 GB;-;-;719,0;13,57162726008345;9758;45
93;Core i5;8265U;8 GB;DDR4;GeForce MX250;SSD;256 GB;-;-;719,99;11,080709454297976;7978;15
94;Core i5;8265U;8 GB;DDR4;UHD Graphics 620;SSD;256 GB;-;-;725,0;11,004137931034483;7978;15
95;Core i5;8265U;8 GB;DDR4;UHD Graphics 620;SSD;256 GB;-;-;726,9;10,975374879625809;7978;15
96;Core i5;8300H;8 GB;DDR4;GeForce GTX 1050;SSD;512 GB;-;-;728,0;13,001373626373626;9465;45
97;Core i5;10210U;8 GB;DDR4;GeForce MX110;SSD;512 GB;-;-;729,0;12,489711934156379;9105;15
99;Core i7;8565U;8 GB;DDR4;UHD Graphics 620;SSD;256 GB;-;-;729,0;12,213991769547325;8904;15
100;Core i5;8265U;8 GB;DDR4;GeForce MX250;SSD;256 GB;-;-;729,99;10,928916834477185;7978;15
101;Core i7;7500U;8 GB;DDR4;Radeon 530;SSD;256 GB;-;-;730,48;7,014565764976454;5124;15
102;Core i5;8265U;8 GB;DDR4;GeForce MX110;SSD;256 GB;-;-;739,0;10,795669824086604;7978;15
103;Core i7;7500U;8 GB;DDR4;Radeon 530;SSD;256 GB;-;-;739,0;6,933694181326117;5124;15
104;Core i5;8250U;8 GB;DDR4;UHD Graphics 620;SSD;256 GB;-;-;739,0;10,3531799729364;7651;15
105;Core i5;8265U;8 GB;DDR4;UHD Graphics 620;SSD;512 GB;-;-;740,57;10,77278312651066;7978;15
106;Core i5;8265U;8 GB;DDR4;GeForce MX250;SSD;256 GB;-;-;741,73;10,755935448208916;7978;15
107;Core i5;8250U;8 GB;DDR4;UHD Graphics 620;SSD;256 GB;-;-;743,0;10,297442799461642;7651;15
108;Core i5;8250U;8 GB;DDR4;UHD Graphics 620;SSD;256 GB;-;-;744,0;10,283602150537634;7651;15
109;Core i7;8550U;8 GB;DDR4;Radeon 530;SSD;128 GB;HDD;1000 GB;745,0;11,068456375838926;8246;15
110;Core i5;8265U;8 GB;DDR4;UHD Graphics 620;SSD;256 GB;-;-;747,0;10,680053547523427;7978;15
111;Core i5;8265U;8 GB;DDR4;UHD Graphics 620;SSD;128 GB;HDD;1000 GB;747,45;10,673623653756103;7978;15
112;Core i5;1035G1;8 GB;DDR4;UHD Graphics;SSD;512 GB;-;-;747,99;12,020214173986282;8991;15
113;Core i5;8250U;8 GB;DDR4;Radeon 530;SSD;256 GB;-;-;748,75;10,218363939899833;7651;15
114;Core i5;8265U;8 GB;DDR4;UHD Graphics 620;SSD;256 GB;-;-;749,0;10,651535380507344;7978;15
115;Core i5;8250U;8 GB;DDR4;UHD Graphics 620;SSD;256 GB;-;-;749,0;10,214953271028037;7651;15
116;Core i5;8250U;8 GB;DDR4;UHD Graphics 620;SSD;256 GB;-;-;749,0;10,214953271028037;7651;15
117;Core i5;8250U;8 GB;DDR4;HD Graphics 620;SSD;256 GB;-;-;749,0;10,214953271028037;7651;15
118;Core i5;8265U;8 GB;DDR4;UHD Graphics 620;SSD;512 GB;-;-;749,0;10,651535380507344;7978;15
119;Core i5;8250U;8 GB;DDR4;UHD Graphics 620;SSD;128 GB;-;-;749,0;10,214953271028037;7651;15
121;Core i5;8265U;8 GB;DDR4;GeForce MX250;SSD;8 GB;SSD;-;749,99;10,637475166335552;7978;15
122;Core i5;9300H;8 GB;DDR4;GeForce GTX 1050;SSD;128 GB;HDD;1000 GB;759,0;12,85638998682477;9758;45
123;Core i5;1035G1;8 GB;DDR4;GeForce MX230;SSD;512 GB;-;-;761,0;11,814717477003942;8991;15
124;Core i7;8565U;8 GB;DDR4;GeForce MX250;SSD;256 GB;HDD;1000 GB;769,0;11,578673602080624;8904;15
125;Core i7;7500U;8 GB;DDR4;HD Graphics 620;SSD;256 GB;-;-;769,0;6,663198959687906;5124;15
126;Core i5;9300H;8 GB;DDR4;GeForce GTX 1050;SSD;512 GB;-;-;769,0;12,689206762028608;9758;45
127;Core i5;8250U;8 GB;DDR4;Radeon 520;SSD;256 GB;-;-;772,0;9,910621761658032;7651;15
128;Core i5;8265U;16 GB;DDR4;UHD Graphics 620;SSD;256 GB;-;-;773,07;10,319893411980804;7978;15
129;Core i5;8250U;8 GB;DDR4;UHD Graphics 620;SSD;256 GB;-;-;775,0;9,87225806451613;7651;15
130;Core i5;8265U;8 GB;DDR4;UHD Graphics 620;SSD;256 GB;-;-;777,0;10,267696267696268;7978;15
131;Core i5;9300H;8 GB;DDR4;GeForce GTX 1050;SSD;256 GB;-;-;777,0;12,558558558558559;9758;45
132;Core i7;10510U;8 GB;DDR4;UHD Graphics;SSD;256 GB;-;-;777,0;12,27027027027027;9534;15
133;Core i5;9300H;8 GB;DDR4;GeForce GTX 1050;SSD;128 GB;HDD;1000 GB;777,9;12,544028795474997;9758;45
134;Core i7;8550U;8 GB;DDR4;GeForce GTX 1050;SSD;256 GB;-;-;779,0;10,585365853658537;8246;15
135;Core i5;8265U;8 GB;DDR4;UHD Graphics 620;SSD;256 GB;-;-;779,0;10,241335044929397;7978;15
136;Core i5;8265U;8 GB;DDR4;UHD Graphics 620;SSD;256 GB;-;-;779,0;10,241335044929397;7978;15
138;Core i5;9300H;8 GB;DDR4;GeForce GTX 1650;SSD;512 GB;-;-;779,99;12,510416800215387;9758;45
139;Core i5;8250U;8 GB;DDR4;UHD Graphics 620;SSD;512 GB;-;-;788,0;9,709390862944163;7651;15
140;Core i7;8565U;8 GB;DDR4;Radeon 520;SSD;256 GB;-;-;788,1;11,298058622002284;8904;15
141;Core i5;8265U;8 GB;DDR4;GeForce MX130;SSD;16 GB;HDD;1000 GB;789,0;10,111533586818759;7978;15
142;Core i5;8300H;8 GB;DDR4;GeForce GTX 1050 Ti;SSD;512 GB;-;-;789,99;11,981164318535678;9465;45
143;Core i5;8265U;8 GB;DDR4;UHD Graphics 620;SSD;256 GB;-;-;794,95;10,035851311403233;7978;15
144;Core i5;8250U;8 GB;DDR4;UHD Graphics 620;SSD;256 GB;-;-;795,0;9,623899371069182;7651;15
145;Core i5;8265U;8 GB;DDR4;UHD Graphics 620;SSD;256 GB;-;-;795,9;10,023872345772082;7978;15
146;Core i7;9750H;8 GB;DDR4;GeForce GTX 1050;SSD;256 GB;-;-;798,0;16,89097744360902;13479;45
147;Core i5;8250U;8 GB;DDR4;UHD Graphics 620;SSD;256 GB;-;-;798,9;9,576918262611091;7651;15
148;Core i5;8250U;8 GB;DDR4;UHD Graphics 620;SSD;256 GB;-;-;798,99;9,575839497365424;7651;15
149;Core i7;8565U;16 GB;DDR4;UHD Graphics 620;SSD;512 GB;-;-;799,0;11,143929912390488;8904;15
150;Core i5;9300H;8 GB;DDR4;GeForce GTX 1650;SSD;128 GB;HDD;1000 GB;799,0;12,212765957446809;9758;45
151;Core i5;8265U;8 GB;DDR4;GeForce MX250;SSD;512 GB;-;-;799,0;9,984981226533167;7978;15
152;Core i7;8565U;8 GB;DDR4;GeForce MX110;SSD;512 GB;-;-;799,0;11,143929912390488;8904;15
153;Core i7;8550U;8 GB;DDR4;Radeon 540;SSD;128 GB;HDD;1000 GB;799,0;10,320400500625782;8246;15
154;Core i7;8550U;8 GB;DDR4;GeForce MX150;SSD;128 GB;HDD;1000 GB;799,0;10,320400500625782;8246;15
155;Core i5;8265U;8 GB;DDR4;UHD Graphics 620;SSD;256 GB;-;-;799,0;9,984981226533167;7978;15
156;Core i5;8265U;8 GB;DDR4;UHD Graphics 620;SSD;256 GB;-;-;799,0;9,984981226533167;7978;15
157;Core i5;8265U;8 GB;DDR4;UHD Graphics 620;SSD;256 GB;-;-;799,0;9,984981226533167;7978;15
158;Core i5;8300H;8 GB;DDR4;GeForce GTX 1050;SSD;256 GB;-;-;799,0;11,846057571964955;9465;45
159;Core i5;8250U;8 GB;DDR4;GeForce GTX 1050;SSD;128 GB;HDD;1000 GB;799,0;9,575719649561952;7651;15
160;Core i7;8565U;8 GB;DDR4;UHD Graphics 620;SSD;512 GB;-;-;799,0;11,143929912390488;8904;15
161;Core i5;8265U;8 GB;DDR4;UHD Graphics 620;SSD;512 GB;-;-;799,0;9,984981226533167;7978;15
164;Core i7;8565U;8 GB;DDR4;GeForce MX130;SSD;128 GB;HDD;1000 GB;799,99;11,130139126739085;8904;15
165;Core i7;8565U;8 GB;DDR4;GeForce MX230;SSD;512 GB;-;-;802,37;11,09712476787517;8904;15
166;Core i5;8265U;8 GB;DDR4;GeForce MX250;SSD;512 GB;-;-;802,37;9,943043732941161;7978;15
167;Core i7;1065G7;8 GB;DDR4;GeForce MX230;SSD;256 GB;-;-;804,95;13,371016833343685;10763;15
168;Core i5;8300H;8 GB;DDR4;GeForce GTX 1050Ti;SSD;256 GB;-;-;809,0;11,699629171817058;9465;45
169;Core i5;8300H;8 GB;DDR4;GeForce GTX 1050 Ti;SSD;128 GB;HDD;1000 GB;809,0;11,699629171817058;9465;45
170;Core i5;8265U;8 GB;DDR4;UHD Graphics 620;SSD;256 GB;-;-;809,0;9,861557478368356;7978;15
171;Core i5;8265U;8 GB;DDR4;UHD Graphics 620;SSD;256 GB;-;-;809,0;9,861557478368356;7978;15
172;Core i7;8550U;8 GB;DDR4;GeForce MX150;SSD;256 GB;-;-;815,0;10,117791411042944;8246;15
173;Core i5;8300H;8 GB;DDR4;GeForce GTX 1050;SSD;256 GB;-;-;815,99;11,59940685547617;9465;45
174;Core i5;8250U;8 GB;DDR4;UHD Graphics 620;SSD;256 GB;-;-;817,0;9,364749082007345;7651;15
175;Core i7;8565U;8 GB;DDR4;UHD Graphics 620;SSD;256 GB;-;-;818,0;10,885085574572127;8904;15
176;Core i5;8250U;8 GB;DDR4;UHD Graphics 620;SSD;256 GB;-;-;819,0;9,341880341880342;7651;15
177;Core i5;9300H;8 GB;DDR4;GeForce GTX 1650;SSD;128 GB;HDD;1000 GB;819,0;11,914529914529915;9758;45
178;Core i5;8265U;8 GB;DDR4;UHD Graphics 620;SSD;256 GB;-;-;819,9;9,73045493352848;7978;15
179;Core i5;8300H;8 GB;DDR4;GeForce GTX 1050;SSD;256 GB;-;-;819,99;11,542823692971865;9465;45
180;Core i7;8565U;8 GB;DDR4;GeForce MX130;SSD;256 GB;-;-;821,0;10,84531059683313;8904;15
183;Core i5;8265U;8 GB;DDR4;UHD Graphics 620;SSD;256 GB;-;-;826,77;9,649600251581456;7978;15
184;Core i7;8565U;8 GB;DDR4;GeForce MX130;SSD;256 GB;-;-;828,0;10,753623188405797;8904;15
186;Core i5;8265U;12 GB;DDR4;UHD Graphics 620;SSD;512 GB;-;-;829,0;9,623642943305187;7978;15
187;Core i5;8265U;8 GB;DDR4;UHD Graphics 620;SSD;256 GB;-;-;829,99;9,612164001975927;7978;15
188;Core i7;8565U;8 GB;DDR4;UHD Graphics 620;SSD;256 GB;-;-;836,09;10,6495712184095;8904;15
189;Core i5;8250U;8 GB;DDR4;UHD Graphics 620;SSD;512 GB;-;-;837,99;9,130180551080562;7651;15
190;Core i7;8265U;8 GB;DDR4;UHD Graphics 620;SSD;256 GB;HDD;1000 GB;839,0;9,508939213349226;7978;15
191;Core i7;8565U;8 GB;DDR4;UHD Graphics 620;SSD;256 GB;-;-;839,0;10,612634088200238;8904;15
192;Core i5;8265U;8 GB;DDR4;UHD Graphics 620;SSD;256 GB;-;-;839,0;9,508939213349226;7978;15
193;Core i5;8250U;8 GB;DDR4;UHD Graphics 620;SSD;256 GB;-;-;839,0;9,119189511323004;7651;15
194;Core i5;8265U;8 GB;DDR4;UHD Graphics 620;SSD;128 GB;-;-;840,0;9,497619047619047;7978;15
195;Core i5;8250U;8 GB;DDR4;UHD Graphics 620;SSD;256 GB;-;-;843,57;9,069786739689652;7651;15
196;Core i5;1035G1;8 GB;DDR4;GeForce MX230;SSD;256 GB;-;-;845,0;10,640236686390532;8991;15
197;Core i7;7500U;8 GB;DDR4;UHD Graphics 620;SSD;256 GB;-;-;845,0;6,063905325443787;5124;15
198;Core i5;8265U;8 GB;DDR4;GeForce MX130;SSD;256 GB;-;-;846,75;9,421907292589312;7978;15
199;Core i5;8265U;8 GB;DDR4;UHD Graphics 620;SSD;256 GB;-;-;849,0;9,396937573616018;7978;15
200;Core i7;9750H;8 GB;DDR4;GeForce GTX 1050;SSD;256 GB;-;-;849,0;15,876325088339222;13479;45
201;Core i7;9750H;8 GB;DDR4;GeForce GTX 1050;SSD;512 GB;-;-;849,0;15,876325088339222;13479;45
202;Core i7;8550U;8 GB;DDR4;GeForce 940MX;SSD;128 GB;HDD;1000 GB;849,0;9,712603062426384;8246;15
203;Core i5;8265U;8 GB;DDR4;UHD Graphics 620;SSD;256 GB;-;-;849,0;9,396937573616018;7978;15
204;Core i7;8550U;8 GB;DDR4;UHD Graphics 620;SSD;256 GB;-;-;849,0;9,712603062426384;8246;15
205;Core i7;8565U;8 GB;DDR4;UHD Graphics 620;SSD;256 GB;-;-;849,0;10,487632508833922;8904;15
206;Core i5;8265U;8 GB;DDR4;UHD Graphics 620;SSD;512 GB;-;-;849,0;9,396937573616018;7978;15
207;Core i5;8265U;8 GB;DDR4;UHD Graphics 620;SSD;256 GB;-;-;849,0;9,396937573616018;7978;15
208;Core i7;8550U;12 GB;DDR4;UHD Graphics 620;SSD;256 GB;-;-;849,0;9,712603062426384;8246;15
209;Core i7;9750H;8 GB;DDR4;GeForce GTX 1050;SSD;512 GB;-;-;849,0;15,876325088339222;13479;45
210;Core i5;9300H;8 GB;DDR4;GeForce GTX 1550;SSD;512 GB;-;-;849,0;11,493521790341578;9758;45
212;Core i7;8550U;8 GB;DDR4;UHD Graphics 620;SSD;256 GB;-;-;849,0;9,712603062426384;8246;15
213;Core i5;8265U;8 GB;DDR4;GeForce MX130;SSD;256 GB;-;-;849,0;9,396937573616018;7978;15
214;Core i5;8250U;8 GB;DDR4;GeForce 930MX;SSD;256 GB;-;-;849,0;9,011778563015312;7651;15
215;Core i5;9300H;8 GB;DDR4;GeForce GTX 1050;SSD;128 GB;HDD;1000 GB;849,0;11,493521790341578;9758;45
216;Core i7;1065G7;8 GB;DDR4;GeForce MX230;SSD;512 GB;-;-;849,0;12,677267373380447;10763;15
217;Core i5;8300H;8 GB;DDR4;GeForce GTX 1050;SSD;16 GB;HDD;1000 GB;849,99;11,1354251226485;9465;45
218;Core i5;8265U;8 GB;DDR4;UHD Graphics 620;SSD;256 GB;-;-;852,02;9,363629961737988;7978;15
219;Core i5;8265U;8 GB;DDR4;GeForce MX250;SSD;256 GB;HDD;1000 GB;853,87;9,343342663403094;7978;15
221;Core i7;8750H;8 GB;DDR4;GeForce GTX 1050;SSD;512 GB;-;-;859,0;14,436554132712457;12401;45
222;Core i5;8265U;8 GB;DDR4;UHD Graphics 620;SSD;256 GB;-;-;859,0;9,287543655413272;7978;15
223;Core i5;8265U;8 GB;DDR4;UHD Graphics 620;SSD;512 GB;-;-;859,0;9,287543655413272;7978;15
224;Core i5;8250U;8 GB;DDR4;UHD Graphics 620;SSD;256 GB;-;-;860,0;8,896511627906976;7651;15
226;Core i5;8265U;8 GB;DDR4;UHD Graphics 620;SSD;256 GB;-;-;862,95;9,245031577727563;7978;15
227;Core i7;1065G7;8 GB;DDR4;Iris Plus Graphics;SSD;512 GB;-;-;864,0;12,457175925925926;10763;15
228;Core i5;8265U;8 GB;DDR4;UHD Graphics 620;SSD;256 GB;-;-;864,99;9,223228014196696;7978;15
229;Core i7;1065G7;8 GB;DDR4;Iris Plus Graphics;SSD;512 GB;-;-;865,0;12,442774566473988;10763;15
230;Core i5;8265U;8 GB;DDR4;GeForce MX130;SSD;256 GB;-;-;865,0;9,223121387283237;7978;15
234;Core i7;8565U;8 GB;DDR4;UHD Graphics 620;SSD;256 GB;-;-;875,9;10,165544011873502;8904;15
235;Core i5;8265U;8 GB;DDR4;UHD Graphics 620;SSD;256 GB;-;-;876,79;9,09910012659816;7978;15
236;Core i7;9750H;8 GB;DDR4;GeForce GTX 1050;SSD;256 GB;-;-;879,0;15,334470989761092;13479;45
237;Core i7;8550U;8 GB;DDR4;GeForce 930MX;SSD;256 GB;-;-;879,0;9,381114903299204;8246;15
239;Core i5;8265U;8 GB;DDR4;UHD Graphics 620;SSD;256 GB;-;-;879,99;9,06601211377402;7978;15
240;Core i5;8265U;8 GB;DDR4;UHD Graphics 620;SSD;512 GB;-;-;879,99;9,06601211377402;7978;15
241;Core i7;8750H;8 GB;DDR4;GeForce GTX 1050;SSD;512 GB;-;-;882,0;14,060090702947846;12401;45
242;Core i5;8250U;8 GB;DDR4;GeForce GTX 1050;SSD;128 GB;HDD;1000 GB;886,0;8,635440180586908;7651;15
243;Core i5;8265U;8 GB;DDR4;UHD Graphics 620;SSD;512 GB;-;-;886,69;8,997507584386877;7978;15
244;Core i7;8550U;8 GB;DDR4;UHD Graphics 620;SSD;256 GB;-;-;888,0;9,286036036036036;8246;15
245;Core i7;8565U;8 GB;DDR4;GeForce MX130;SSD;128 GB;HDD;1000 GB;889,0;10,015748031496063;8904;15
246;Core i5;10210U;8 GB;DDR4;UHD Graphics;SSD;256 GB;-;-;889,0;10,241844769403825;9105;15
247;Core i7;8550U;8 GB;DDR4;UHD Graphics 620;SSD;256 GB;-;-;889,0;9,275590551181102;8246;15
248;Core i5;9300H;8 GB;DDR4;GeForce GTX 1650;SSD;256 GB;-;-;889,0;10,976377952755906;9758;45
249;Core i5;8265U;8 GB;DDR4;UHD Graphics 620;SSD;256 GB;-;-;889,0;8,974128233970754;7978;15
250;Core i7;8550U;8 GB;DDR4;Radeon 530;SSD;512 GB;-;-;889,9;9,266209686481627;8246;15
251;Core i5;8300H;8 GB;DDR4;GeForce GTX 1050;SSD;512 GB;-;-;889,99;10,634950954505106;9465;45
252;Core i5;8300H;8 GB;DDR4;GeForce GTX 1050 Ti;SSD;256 GB;-;-;889,99;10,634950954505106;9465;45
253;Core i5;8250U;8 GB;DDR4;GeForce MX150;SSD;256 GB;-;-;890,0;8,596629213483146;7651;15
254;Core i5;8265U;8 GB;DDR4;GeForce MX130;SSD;256 GB;-;-;892,95;8,934430819194803;7978;15
255;Core i5;8265U;8 GB;DDR4;UHD Graphics 620;SSD;256 GB;-;-;893,15;8,932430162906567;7978;15
256;Core i7;1065G7;16 GB;DDR4;GeForce MX230;SSD;512 GB;-;-;894,0;12,039149888143177;10763;15
257;Core i5;8265U;8 GB;DDR4;UHD Graphics 620;SSD;256 GB;-;-;895,7;8,907000111644523;7978;15
258;Core i5;8300H;8 GB;DDR4;GeForce GTX 1060;SSD;256 GB;-;-;896,0;10,563616071428571;9465;45
260;Core i7;8565U;8 GB;DDR4;UHD Graphics 620;SSD;256 GB;-;-;897,0;9,926421404682275;8904;15
261;Core i7;8550U;12 GB;DDR4;UHD Graphics 620;SSD;512 GB;-;-;898,0;9,182628062360802;8246;15
262;Core i5;8250U;8 GB;DDR4;GeForce MX150;SSD;256 GB;-;-;898,9;8,51151407275559;7651;15
263;Core i7;8565U;16 GB;DDR4;GeForce MX250;SSD;128 GB;HDD;1000 GB;899,0;9,904338153503893;8904;15
264;Core i5;8265U;8 GB;DDR4;Radeon 520;SSD;128 GB;HDD;1000 GB;899,0;8,874304783092326;7978;15
265;Core i7;8565U;8 GB;DDR4;UHD Graphics 620;SSD;512 GB;-;-;899,0;9,904338153503893;8904;15
266;Core i7;8550U;8 GB;DDR4;Radeon 535;SSD;256 GB;-;-;899,0;9,172413793103448;8246;15
267;Core i7;10510U;16 GB;DDR4;GeForce MX130;SSD;512 GB;-;-;899,0;10,60511679644049;9534;15
268;Core i5;9300H;8 GB;DDR4;GeForce GTX 1050 Ti;SSD;256 GB;-;-;899,0;10,85428253615128;9758;45
269;Core i5;8265U;8 GB;DDR4;UHD Graphics 620;SSD;128 GB;-;-;899,0;8,874304783092326;7978;15
270;Core i5;1035G1;8 GB;DDR4;GeForce MX230;SSD;512 GB;-;-;899,0;10,001112347052281;8991;15
271;Core i7;8565U;8 GB;DDR4;UHD Graphics 620;SSD;512 GB;-;-;899,0;9,904338153503893;8904;15
272;Core i5;10210U;8 GB;DDR4;-;SSD;256 GB;-;-;899,0;10,127919911012237;9105;15
274;Core i5;8300H;8 GB;DDR4;GeForce GTX 1050;SSD;256 GB;-;-;899,0;10,528364849833148;9465;45
275;Core i5;8250U;8 GB;DDR4;UHD Graphics 620;SSD;512 GB;-;-;899,0;8,510567296996664;7651;15
276;Core i5;8300H;8 GB;DDR4;GeForce GTX 1050;SSD;128 GB;HDD;1000 GB;899,0;10,528364849833148;9465;45
277;Core i5;7200U;8 GB;DDR4;HD Graphics 620;SSD;256 GB;-;-;899,0;5,075639599555061;4563;15
278;Core i5;8265U;8 GB;DDR4;UHD Graphics 620;SSD;512 GB;-;-;899,9;8,865429492165797;7978;15
279;Core i5;8250U;8 GB;DDR4;UHD Graphics 620;SSD;512 GB;-;-;899,9;8,502055783975997;7651;15
280;Core i7;8565U;8 GB;DDR4;GeForce MX250;SSD;512 GB;-;-;905,37;9,834653235693695;8904;15
281;Core i5;8365U;16 GB;DDR4;UHD Graphics 620;SSD;512 GB;-;-;907,85;9,250426832626536;8398;15
282;Core i7;8565U;8 GB;DDR4;GeForce MX250;SSD;256 GB;HDD;1000 GB;908,0;9,806167400881057;8904;15
283;Core i5;8250U;8 GB;DDR4;UHD Graphics 620;SSD;256 GB;-;-;909,0;8,416941694169417;7651;15
284;Core i7;8565U;8 GB;DDR4;UHD Graphics 620;SSD;256 GB;-;-;909,0;9,795379537953796;8904;15
285;Core i5;8265U;8 GB;DDR4;UHD Graphics 620;SSD;256 GB;-;-;910,0;8,767032967032968;7978;15
286;Core i7;8550U;8 GB;DDR4;GeForce MX150;SSD;256 GB;-;-;913,0;9,031763417305585;8246;15
287;Core i7;8550U;16 GB;DDR4;UHD Graphics 620;SSD;256 GB;-;-;915,0;9,012021857923497;8246;15
288;Core i5;10210U;8 GB;DDR4;UHD Graphics;SSD;512 GB;-;-;916,0;9,93995633187773;9105;15
289;Core i5;8265U;8 GB;DDR4;UHD Graphics 620;SSD;128 GB;HDD;1000 GB;918,0;8,690631808278868;7978;15
290;Core i5;8265U;8 GB;DDR4;UHD Graphics 620;SSD;512 GB;-;-;923,48;8,639060943388055;7978;15
291;Core i5;8265U;8 GB;DDR4;UHD Graphics 620;SSD;256 GB;-;-;926,95;8,606720966610927;7978;15
292;Core i5;8250U;8 GB;DDR4;UHD Graphics 620;SSD;256 GB;-;-;928,0;8,244612068965518;7651;15
293;Core i7;9750H;8 GB;DDR4;GeForce GTX 1650;SSD;512 GB;-;-;928,0;14,524784482758621;13479;45
294;Core i7;8750H;8 GB;DDR4;GeForce GTX 1060;SSD;128 GB;HDD;1000 GB;929,0;13,348762109795478;12401;45
295;Core i5;8300H;16 GB;DDR4;GeForce GTX 1050 Ti;SSD;128 GB;HDD;1000 GB;929,0;10,18837459634015;9465;45
296;Core i5;8265U;8 GB;DDR4;UHD Graphics 620;SSD;256 GB;-;-;929,0;8,58772874058127;7978;15
297;Core i7;10510U;8 GB;DDR4;Radeon 530;SSD;512 GB;-;-;929,0;10,26264800861141;9534;15
298;Core i5;8300H;8 GB;DDR4;GeForce GTX 1050 Ti;SSD;128 GB;HDD;1000 GB;929,0;10,18837459634015;9465;45
299;Core i7;8550U;8 GB;DDR4;UHD Graphics 620;SSD;256 GB;-;-;929,0;8,876210979547901;8246;15
300;Core i5;8250U;8 GB;DDR4;UHD Graphics 620;SSD;256 GB;-;-;929,0;8,23573735199139;7651;15
301;Core i5;8265U;8 GB;DDR4;GeForce MX150;SSD;256 GB;-;-;929,0;8,58772874058127;7978;15
302;Core i5;8250U;8 GB;DDR4;UHD Graphics 620;SSD;128 GB;-;-;929,9;8,227766426497473;7651;15
303;Core i5;8265U;16 GB;DDR4;UHD Graphics 620;SSD;256 GB;-;-;929,99;8,578586866525447;7978;15
304;Core i5;8265U;8 GB;DDR4;GeForce MX130;SSD;256 GB;-;-;929,99;8,578586866525447;7978;15
305;Core i5;8265U;8 GB;DDR4;UHD Graphics 620;SSD;256 GB;-;-;930,0;8,578494623655914;7978;15
306;Core i5;8265U;8 GB;DDR4;UHD Graphics 620;SSD;256 GB;-;-;934,0;8,541755888650963;7978;15
307;Core i5;8250U;8 GB;DDR4;UHD Graphics 620;SSD;256 GB;-;-;934,6;8,186389899422213;7651;15
308;Core i7;8565U;8 GB;DDR4;UHD Graphics 620;SSD;256 GB;-;-;934,95;9,523503930691481;8904;15
309;Core i7;8565U;8 GB;DDR4;UHD Graphics 620;SSD;256 GB;-;-;938,0;9,492537313432836;8904;15
310;Core i5;10210U;8 GB;DDR4;UHD Graphics;SSD;512 GB;-;-;938,77;9,69886127592488;9105;15
311;Core i7;8565U;8 GB;DDR4;UHD Graphics 620;SSD;256 GB;-;-;939,0;9,482428115015974;8904;15
312;Core i7;8565U;8 GB;DDR4;UHD Graphics 620;SSD;512 GB;-;-;939,0;9,482428115015974;8904;15
313;Core i5;8250U;8 GB;DDR4;GeForce GTX 1050;SSD;256 GB;-;-;939,0;8,148029818956337;7651;15
314;Core i5;7200U;8 GB;DDR4;HD Graphics 620;SSD;256 GB;-;-;939,99;4,854306960712348;4563;15
315;Core i5;8250U;8 GB;DDR4;UHD Graphics 620;SSD;256 GB;-;-;942,0;8,12208067940552;7651;15
316;Core i5;8265U;8 GB;DDR4;UHD Graphics 620;SSD;256 GB;-;-;944,0;8,451271186440678;7978;15
317;Core i5;8300H;8 GB;DDR4;GeForce GTX 1050;SSD;128 GB;HDD;1000 GB;947,0;9,994720168954593;9465;45
318;Core i5;1035G1;8 GB;DDR4;GeForce MX230;SSD;256 GB;-;-;948,88;9,475381502402833;8991;15
320;Core i7;8750H;8 GB;DDR4;GeForce GTX 1050 Ti;SSD;256 GB;-;-;949,0;13,067439409905163;12401;45
321;Core i7;8565U;8 GB;DDR4;UHD Graphics 620;SSD;256 GB;-;-;949,0;9,38250790305585;8904;15
323;Core i5;8300H;8 GB;DDR4;GeForce GTX 1060;SSD;128 GB;HDD;1000 GB;949,0;9,973656480505795;9465;45
324;Core i5;8250U;8 GB;DDR4;UHD Graphics 620;SSD;256 GB;-;-;949,0;8,062170706006322;7651;15
326;Core i7;8300H;8 GB;DDR4;GeForce GTX 1050;SSD;128 GB;HDD;1000 GB;949,0;9,973656480505795;9465;45
327;Core i7;8550U;8 GB;DDR4;UHD Graphics 620;SSD;512 GB;-;-;949,0;8,689146469968387;8246;15
329;Core i5;8250U;8 GB;DDR4;Radeon 530;SSD;256 GB;-;-;955,0;8,01151832460733;7651;15
330;Core i7;8565U;16 GB;DDR4;GeForce MX250;SSD;512 GB;-;-;956,87;9,305339283288221;8904;15
331;Core i7;8750H;8 GB;DDR4;GTX 1050 Ti;SSD;256 GB;HDD;1000 GB;956,87;12,959963213393669;12401;45
332;Core i7;8550U;8 GB;DDR4;Radeon 530;SSD;256 GB;-;-;956,99;8,616599964471938;8246;15
333;Core i5;8250U;8 GB;DDR4;UHD Graphics 620;SSD;256 GB;-;-;961,0;7,9614984391259105;7651;15
334;Core i5;8265U;12 GB;DDR4;UHD Graphics 620;SSD;256 GB;HDD;1000 GB;962,0;8,293139293139292;7978;15
336;Core i7;9750H;8 GB;DDR4;GeForce GTX 1050;SSD;128 GB;HDD;1000 GB;969,0;13,910216718266254;13479;45
337;Core i5;8265U;8 GB;DDR4;GeForce GTX 1050;SSD;256 GB;-;-;969,0;8,233230134158926;7978;15
338;Core i7;10510U;8 GB;DDR4;Radeon 535;SSD;256 GB;-;-;969,0;9,839009287925697;9534;15
339;Core i5;8250U;8 GB;DDR4;UHD Graphics 620;SSD;256 GB;-;-;969,0;7,8957688338493295;7651;15
341;Core i5;6200U;8 GB;DDR4;HD Graphics 520;SSD;256 GB;-;-;971,0;4,1297631307929965;4010;15
342;Core i7;1065G7;8 GB;DDR4;GeForce MX230;SSD;512 GB;-;-;971,95;11,073614897885694;10763;15
343;Core i7;8550U;8 GB;DDR4;Radeon 530;SSD;256 GB;-;-;972,0;8,483539094650206;8246;15
344;Core i5;8265U;8 GB;DDR4;UHD Graphics 620;SSD;512 GB;-;-;972,99;8,199467620427754;7978;15
345;Core i7;8565U;8 GB;DDR4;UHD Graphics 620;SSD;256 GB;-;-;974,0;9,141683778234086;8904;15
346;Core i5;10210U;8 GB;DDR4;UHD Graphics;SSD;256 GB;-;-;976,98;9,319535712092366;9105;15
347;Core i5;8265U;8 GB;DDR4;UHD Graphics 620;SSD;512 GB;-;-;977,02;8,165646557900555;7978;15
348;Core i5;8265U;8 GB;DDR4;GeForce MX250;SSD;512 GB;-;-;977,47;8,161887321350015;7978;15
349;Core i7;8565U;16 GB;DDR4;GeForce MX130;SSD;256 GB;-;-;978,0;9,104294478527608;8904;15
350;Core i7;8550U;16 GB;DDR4;GeForce MX130;SSD;256 GB;-;-;979,0;8,42288049029622;8246;15
351;Core i5;10210U;8 GB;DDR4;GeForce MX230;SSD;128 GB;HDD;1000 GB;979,0;9,300306435137896;9105;15
352;Core i5;8300H;8 GB;DDR4;GeForce GTX 1060;SSD;128 GB;HDD;1000 GB;983,0;9,628687690742625;9465;45
353;Core i7;8565U;8 GB;DDR4;UHD Graphics 620;SSD;256 GB;SSD;256 GB;986,9;9,022190698145709;8904;15
354;Core i7;8565U;8 GB;DDR4;UHD Graphics 620;SSD;512 GB;-;-;987,0;9,02127659574468;8904;15
357;Core i7;8565U;8 GB;DDR4;UHD Graphics 620;SSD;256 GB;-;-;989,0;9,003033367037412;8904;15
358;Core i5;8250U;8 GB;DDR4;UHD Graphics 620;SSD;256 GB;-;-;989,0;7,736097067745197;7651;15
360;Core i5;8265U;8 GB;DDR4;UHD Graphics 620;SSD;256 GB;-;-;990,0;8,05858585858586;7978;15
361;Core i7;8550U;8 GB;DDR4;UHD Graphics 620;SSD;256 GB;-;-;990,0;8,32929292929293;8246;15
362;Core i7;8750H;16 GB;DDR4;GeForce GTX 1050 Ti;SSD;256 GB;-;-;994,0;12,475855130784709;12401;45
363;Core i7;8565U;8 GB;DDR4;GeForce MX130;SSD;256 GB;-;-;994,0;8,95774647887324;8904;15
364;Core i7;8550U;8 GB;DDR4;UHD Graphics 620;SSD;512 GB;-;-;995,0;8,287437185929647;8246;15
365;Core i7;8550U;8 GB;DDR4;UHD Graphics 620;SSD;128 GB;HDD;1000 GB;997,0;8,270812437311935;8246;15
366;Core i7;8750H;8 GB;DDR4;GeForce GTX 1050;SSD;128 GB;HDD;1000 GB;997,01;12,438190188664105;12401;45
367;Core i5;8265U;8 GB;DDR4;GeForce MX250;SSD;512 GB;-;-;997,01;8,001925758016469;7978;15
368;Core i7;8550U;8 GB;DDR4;GeForce 940MX;SSD;256 GB;-;-;997,01;8,270729481148635;8246;15
369;Core i7;8565U;8 GB;DDR4;GeForce MX130;SSD;256 GB;-;-;997,7;8,924526410744713;8904;15
370;Core i5;8265U;8 GB;DDR4;Radeon RX550;SSD;256 GB;HDD;1000 GB;998,88;7,9869453788242835;7978;15
371;Core i7;9750H;16 GB;DDR4;GeForce GTX 1050;SSD;128 GB;HDD;1000 GB;999,0;13,492492492492492;13479;45
372;Core i7;8565U;8 GB;DDR4;Radeon 520;SSD;128 GB;HDD;1000 GB;999,0;8,912912912912914;8904;15
373;Core i5;8250U;8 GB;DDR4;GeForce MX150;SSD;256 GB;-;-;999,0;7,658658658658658;7651;15
375;Core i5;9300H;8 GB;DDR4;GeForce GTX 1650;SSD;128 GB;HDD;1000 GB;999,0;9,767767767767769;9758;45
376;Core i7;9750H;8 GB;DDR4;GeForce GTX 1650;SSD;256 GB;-;-;999,0;13,492492492492492;13479;45
377;Core i5;7200U;8 GB;DDR4;GeForce 940MX;SSD;256 GB;-;-;999,0;4,5675675675675675;4563;15
378;Core i5;10210U;8 GB;DDR4;UHD Graphics;SSD;256 GB;-;-;999,0;9,114114114114114;9105;15
379;Core i7;1065G7;16 GB;DDR4;GeForce MX230;SSD;512 GB;-;-;999,0;10,773773773773774;10763;15
380;Core i5;8265U;8 GB;DDR4;UHD Graphics 620;SSD;256 GB;-;-;999,0;7,985985985985986;7978;15
381;Core i7;8565U;8 GB;DDR4;UHD Graphics 620;SSD;512 GB;-;-;999,0;8,912912912912914;8904;15
382;Core i5;8300H;8 GB;DDR4;GeForce GTX 1050;SSD;128 GB;HDD;1000 GB;999,0;9,474474474474475;9465;45
383;Core i5;8250U;8 GB;DDR4;GeForce 930MX;SSD;256 GB;-;-;999,0;7,658658658658658;7651;15
384;Core i5;9300H;8 GB;DDR4;GeForce GTX 1650;SSD;512 GB;-;-;999,0;9,767767767767769;9758;45
385;Core i7;8550U;8 GB;DDR4;UHD Graphics 620;SSD;512 GB;-;-;999,0;8,254254254254255;8246;15
386;Core i5;8250U;8 GB;DDR4;UHD Graphics 620;SSD;256 GB;-;-;999,0;7,658658658658658;7651;15
387;Core i7;8565U;8 GB;DDR4;UHD Graphics 620;SSD;512 GB;-;-;999,0;8,912912912912914;8904;15
389;Core i7;9750H;8 GB;DDR4;GeForce GTX 1050;SSD;256 GB;-;-;999,01;13,492357433859521;13479;45
390;Core i7;8565U;16 GB;DDR4;UHD Graphics 620;SSD;512 GB;-;-;999,01;8,912823695458505;8904;15
391;Core i7;8565U;8 GB;DDR4;UHD Graphics 620;SSD;512 GB;-;-;999,01;8,912823695458505;8904;15
392;Core i5;8250U;8 GB;DDR4;UHD Graphics 620;SSD;256 GB;-;-;999,77;7,652760134831011;7651;15
394;Core i5;8265U;8 GB;DDR4;UHD Graphics 620;SSD;256 GB;-;256 GB;1000,0;7,978;7978;15
395;Core i5;8365U;8 GB;DDR4;UHD Graphics 620;SSD;256 GB;-;-;1001,0;8,38961038961039;8398;15
396;Core i5;8365U;8 GB;DDR4;UHD Graphics 620;SSD;256 GB;-;-;1005,0;8,356218905472637;8398;15
397;Core i7;8565U;8 GB;DDR4;GeForce MX250;SSD;256 GB;HDD;1000 GB;1008,37;8,830092128881263;8904;15
398;Core i7;8750H;16 GB;DDR4;GeForce GTX 1050 Ti;SSD;512 GB;-;-;1009,0;12,290386521308227;12401;45
399;Core i5;8250U;8 GB;DDR4;UHD Graphics 620;SSD;256 GB;-;-;1010,0;7,575247524752475;7651;15
400;Core i5;8250U;8 GB;DDR4;Radeon 530;SSD;128 GB;HDD;1000 GB;1011,0;7,567754698318496;7651;15
401;Core i5;8265U;8 GB;DDR4;UHD Graphics 620;SSD;256 GB;-;-;1018,9;7,830012758857592;7978;15
402;Core i5;8300H;8 GB;DDR4;GeForce GTX 1060;SSD;256 GB;-;-;1019,0;9,288518155053975;9465;45
403;Core i7;8565U;12 GB;DDR4;UHD Graphics 620;SSD;256 GB;-;-;1019,0;8,737978410206084;8904;15
404;Core i5;8250U;8 GB;DDR4;Radeon RX 550;SSD;256 GB;-;-;1019,0;7,5083415112855745;7651;15
405;Core i7;8565U;8 GB;DDR4;UHD Graphics 620;SSD;256 GB;-;-;1020,0;8,729411764705882;8904;15
406;Core i5;8265U;8 GB;DDR4;GeForce MX130;SSD;128 GB;HDD;1000 GB;1024,0;7,791015625;7978;15
407;Core i5;8265U;8 GB;DDR4;Radeon RX 550;SSD;256 GB;HDD;1000 GB;1024,76;7,785237519028846;7978;15
408;Core i5;8250U;8 GB;DDR4;Radeon 530;SSD;256 GB;-;-;1025,0;7,464390243902439;7651;15
409;Core i5;10210U;8 GB;DDR4;UHD Graphics;SSD;512 GB;-;-;1025,0;8,882926829268293;9105;15
410;Core i5;8250U;8 GB;DDR4;Radeon RX 550;SSD;256 GB;HDD;1000 GB;1025,99;7,457187691887835;7651;15
411;Core i7;8550U;8 GB;DDR4;UHD Graphics 620;SSD;256 GB;-;-;1027,0;8,029211295034079;8246;15
412;Core i5;8265U;8 GB;DDR4;UHD Graphics 620;SSD;1000 GB;-;-;1027,9;7,761455394493627;7978;15
413;Core i7;9750H;8 GB;DDR4;GeForce GTX 1650;SSD;512 GB;-;-;1029,0;13,099125364431487;13479;45
414;Core i5;8300H;8 GB;DDR4;GeForce GTX 1060;SSD;128 GB;HDD;1000 GB;1029,0;9,198250728862973;9465;45
416;Core i5;8250U;8 GB;DDR4;UHD Graphics 620;SSD;256 GB;-;-;1029,99;7,4282274585190144;7651;15
417;Core i5;8250U;8 GB;DDR4;UHD Graphics 620;SSD;256 GB;-;-;1035,0;7,392270531400966;7651;15
418;Core i5;8250U;8 GB;DDR4;UHD Graphics 620;SSD;256 GB;-;-;1036,0;7,385135135135135;7651;15
419;Core i7;8550U;8 GB;DDR4;GeForce 930MX;SSD;256 GB;-;-;1039,0;7,936477382098171;8246;15
420;Core i7;8750H;8 GB;DDR4;GTX 1050 Ti;SSD;256 GB;-;-;1039,0;11,935514918190568;12401;45
421;Core i7;8565U;16 GB;DDR4;GeForce MX250;SSD;128 GB;HDD;1000 GB;1044,0;8,528735632183908;8904;15
422;Core i5;8265U;8 GB;DDR4;GeForce MX130;SSD;256 GB;-;-;1048,0;7,612595419847328;7978;15
423;Core i5;9300H;16 GB;DDR4;GeForce GTX 1650;SSD;512 GB;-;-;1049,0;9,302192564346997;9758;45
424;Core i7;9750H;8 GB;DDR4;GeForce GTX 1650;SSD;128 GB;HDD;1000 GB;1049,0;12,84938036224976;13479;45
425;Core i5;10210U;8 GB;DDR4;UHD Graphics;SSD;256 GB;-;-;1049,0;8,679694947569114;9105;15
426;Core i5;9300H;8 GB;DDR4;GeForce GTX 1650;SSD;256 GB;-;-;1049,0;9,302192564346997;9758;45
427;Core i5;8300H;16 GB;DDR4;GeForce GTX 1050 Ti;SSD;256 GB;-;-;1049,0;9,022878932316491;9465;45
429;Core i7;8565U;8 GB;DDR4;UHD Graphics 620;SSD;256 GB;-;-;1049,0;8,488083889418494;8904;15
430;Core i5;8265U;8 GB;DDR4;UHD Graphics 620;SSD;512 GB;-;-;1049,0;7,605338417540515;7978;15
432;Core i7;8750H;8 GB;DDR4;GeForce GTX 1050;SSD;256 GB;-;-;1049,99;11,810588672273068;12401;45
433;Core i5;8265U;8 GB;DDR4;UHD Graphics 620;SSD;512 GB;-;-;1051,69;7,585885574646521;7978;15
434;Core i7;8565U;8 GB;DDR4;UHD Graphics 620;SSD;256 GB;-;-;1052,0;8,463878326996198;8904;15
435;Core i7;8565U;8 GB;DDR4;GeForce MX130;SSD;256 GB;-;-;1052,0;8,463878326996198;8904;15
436;Core i5;8265U;8 GB;DDR4;UHD Graphics 620;SSD;256 GB;-;-;1052,0;7,583650190114068;7978;15
437;Core i5;8265U;8 GB;DDR4;UHD Graphics 620;SSD;256 GB;-;-;1052,99;7,576520194873646;7978;15
438;Core i7;8565U;16 GB;DDR4;UHD Graphics 620;SSD;512 GB;-;-;1057,99;8,415958562935378;8904;15
439;Core i7;10510U;8 GB;DDR4;GeForce MX250;SSD;512 GB;-;-;1058,0;9,011342155009451;9534;15
440;Core i7;10510U;8 GB;DDR4;GeForce MX250;SSD;512 GB;-;-;1058,0;9,011342155009451;9534;15
442;Core i5;8300H;8 GB;DDR4;GeForce GTX 1050;SSD;256 GB;-;-;1059,0;8,937677053824363;9465;45
443;Core i5;9300H;8 GB;DDR4;GeForce GTX 1650;SSD;512 GB;-;-;1059,99;9,205747224030416;9758;45
444;Core i5;8265U;8 GB;DDR4;UHD Graphics 620;SSD;256 GB;-;-;1060,15;7,525350186294392;7978;15
445;Core i5;8265U;8 GB;DDR4;UHD Graphics 620;SSD;256 GB;-;-;1062,7;7,507292744895079;7978;15
447;Core i5;8265U;8 GB;DDR4;UHD Graphics 620;SSD;256 GB;-;-;1063,99;7,498190772469666;7978;15
448;Core i7;1065G7;16 GB;DDR4;GeForce MX230;SSD;512 GB;-;-;1068,0;10,077715355805243;10763;15
449;Core i7;9750H;8 GB;DDR4;GeForce GTX 1650;SSD;512 GB;-;-;1069,0;12,608980355472404;13479;45
450;Core i5;10210U;8 GB;DDR4;GeForce MX 230;SSD;512 GB;-;-;1069,0;8,517305893358278;9105;15
451;Core i5;8265U;8 GB;DDR4;UHD Graphics 630;SSD;256 GB;-;-;1069,0;7,463049579045837;7978;15
452;Core i5;8300H;8 GB;DDR4;GeForce GTX 1050 Ti;SSD;128 GB;HDD;1000 GB;1071,0;8,837535014005603;9465;45
453;Core i5;9400H;8 GB;DDR4;UHD Graphics 630;SSD;256 GB;-;-;1074,0;10,647113594040968;11435;45
454;Core i5;8300H;8 GB;DDR4;GeForce GTX 1050;SSD;16 GB;HDD;1000 GB;1074,99;8,804733067284348;9465;45
455;Core i7;8565U;8 GB;DDR4;Radeon RX 550;SSD;256 GB;-;-;1075,99;8,275169843585907;8904;15
456;Core i7;10510U;8 GB;DDR4;GeForce MX250;SSD;512 GB;-;-;1076,0;8,860594795539033;9534;15
457;Core i7;8550U;8 GB;DDR4;UHD Graphics 620;SSD;256 GB;-;-;1077,0;7,656453110492108;8246;15
458;Core i7;8750H;8 GB;DDR4;GeForce GTX 1050 Ti;SSD;128 GB;HDD;1000 GB;1079,0;11,493049119555144;12401;45
459;Core i7;8565U;8 GB;DDR4;GeForce MX250;SSD;256 GB;HDD;2000 GB;1079,0;8,252085264133457;8904;15
460;Core i7;8750H;8 GB;DDR4;GeForce GTX 1050;SSD;128 GB;HDD;1000 GB;1079,0;11,493049119555144;12401;45
461;Core i5;9300H;8 GB;DDR4;GeForce GTX 1650;SSD;256 GB;HDD;1000 GB;1079,23;9,041631533593396;9758;45
462;Core i7;8565U;8 GB;DDR4;Radeon RX 550X;SSD;256 GB;SSD;256 GB;1079,99;8,244520782599839;8904;15
463;Core i5;8250U;8 GB;DDR4;UHD Graphics 620;SSD;256 GB;-;-;1080,0;7,08425925925926;7651;15
464;Core i7;8550U;8 GB;DDR4;UHD Graphics 620;SSD;256 GB;-;-;1081,28;7,626146788990826;8246;15
465;Core i5;8250U;8 GB;DDR4;UHD Graphics 620;SSD;256 GB;-;-;1085,0;7,051612903225807;7651;15
466;Core i7;8750H;8 GB;DDR4;GeForce GTX 1050 Ti;SSD;128 GB;HDD;1000 GB;1089,0;11,387511478420569;12401;45
468;Core i5;8300H;8 GB;DDR4;GeForce GTX 1050 Ti;SSD;256 GB;-;-;1089,0;8,69146005509642;9465;45
469;Core i7;10510U;8 GB;DDR4;GeForce MX250;SSD;256 GB;-;-;1089,0;8,754820936639119;9534;15
470;Core i7;8565U;16 GB;DDR4;GeForce MX130;SSD;256 GB;HDD;1000 GB;1093,0;8,146386093321134;8904;15
471;Core i7;8750H;8 GB;DDR4;GeForce GTX 1050;SSD;16 GB;HDD;1000 GB;1093,0;11,34583714547118;12401;45
472;Core i7;8550U;8 GB;DDR4;Radeon 530;SSD;256 GB;-;-;1096,0;7,523722627737226;8246;15
473;Core i5;8250U;8 GB;DDR4;UHD Graphics 620;SSD;256 GB;-;-;1096,0;6,980839416058394;7651;15
474;Core i5;8250U;8 GB;DDR4;UHD Graphics 620;SSD;256 GB;-;-;1096,0;6,980839416058394;7651;15
475;Core i7;9750H;8 GB;DDR4;GeForce GTX 1650;SSD;512 GB;-;-;1097,0;12,28714676390155;13479;45
476;Core i7;8750H;8 GB;DDR4;GeForce GTX 1060;SSD;512 GB;-;-;1097,0;11,304466727438468;12401;45
477;Core i5;8250U;8 GB;DDR4;UHD Graphics 620;SSD;256 GB;-;-;1098,0;6,968123861566484;7651;15
478;Core i5;8265U;8 GB;DDR4;GeForce MX250;SSD;512 GB;-;-;1099,0;7,2593266606005455;7978;15
479;Core i7;8750H;12 GB;DDR4;GeForce GTX 1050 Ti;SSD;128 GB;HDD;1000 GB;1099,0;11,283894449499545;12401;45
480;Core i7;10510U;8 GB;DDR4;UHD Graphics;SSD;256 GB;-;-;1099,0;8,67515923566879;9534;15
481;Core i7;8750H;16 GB;DDR4;GeForce GTX 1050;SSD;512 GB;-;-;1099,0;11,283894449499545;12401;45
482;Core i7;9750H;16 GB;DDR4;GeForce GTX 1650;SSD;1000 GB;-;-;1099,0;12,264786169244768;13479;45
483;Core i5;8400H;8 GB;DDR4;UHD Graphics 630;SSD;256 GB;-;-;1099,0;9,470427661510463;10408;45
484;Core i7;8550U;8 GB;DDR4;UHD Graphics 620;SSD;256 GB;-;-;1099,0;7,503184713375796;8246;15
485;Core i5;8365U;16 GB;DDR4;UHD Graphics 620;SSD;512 GB;-;-;1099,0;7,641492265696088;8398;15
486;Core i7;8565U;16 GB;DDR4;UHD Graphics 620;SSD;128 GB;HDD;1000 GB;1099,0;8,101910828025478;8904;15
488;Core i5;8265U;16 GB;DDR4;UHD Graphics 620;SSD;512 GB;-;-;1099,0;7,2593266606005455;7978;15
489;Core i5;8265U;8 GB;DDR4;UHD Graphics 620;SSD;256 GB;-;-;1099,0;7,2593266606005455;7978;15
490;Core i7;8750H;8 GB;DDR4;GeForce GTX 1050 Ti;SSD;256 GB;-;-;1099,0;11,283894449499545;12401;45
491;Core i5;10210U;8 GB;DDR4;UHD Graphics;SSD;512 GB;-;-;1099,0;8,284804367606915;9105;15
492;Core i5;8265U;8 GB;DDR4;UHD Graphics 620;SSD;512 GB;-;-;1099,0;7,2593266606005455;7978;15
493;Core i5;8265U;8 GB;DDR4;UHD Graphics 620;SSD;256 GB;SSD;256 GB;1099,0;7,2593266606005455;7978;15
494;Core i5;8265U;8 GB;DDR4;UHD Graphics 620;SSD;256 GB;-;-;1099,0;7,2593266606005455;7978;15
495;Core i5;9750H;8 GB;DDR4;GeForce GTX 1650;SSD;256 GB;-;-;1099,9;12,25475043185744;13479;45
496;Core i7;8750H;8 GB;DDR4;GeForce GTX 1050;SSD;256 GB;-;-;1099,99;11,273738852171384;12401;45
497;Core i5;7200U;8 GB;DDR4;HD Graphics 620;SSD;256 GB;-;-;1105,0;4,129411764705883;4563;15
498;Core i5;8250U;8 GB;DDR4;Radeon RX 550;SSD;256 GB;HDD;1000 GB;1105,0;6,923981900452489;7651;15
499;Core i5;8250U;8 GB;DDR4;GeForce 930MX;SSD;128 GB;HDD;1000 GB;1110,0;6,892792792792793;7651;15
500;Core i7;8550U;16 GB;DDR4;GeForce GTX 1050;SSD;256 GB;-;-;1111,37;7,419671216606531;8246;15
503;Core i7;8565U;16 GB;DDR4;UHD Graphics 620;SSD;512 GB;-;-;1115,0;7,985650224215247;8904;15
504;Core i5;8265U;8 GB;DDR4;UHD Graphics 620;SSD;256 GB;-;-;1115,0;7,155156950672645;7978;15
505;Core i7;8565U;16 GB;DDR4;UHD Graphics 620;SSD;512 GB;-;-;1116,0;7,978494623655914;8904;15
507;Core i7;8565U;16 GB;DDR4;GeForce MX130;SSD;512 GB;-;-;1117,0;7,971351835273053;8904;15
508;Core i7;9750H;8 GB;DDR4;GeForce GTX 1050 Ti;SSD;256 GB;-;-;1118,0;12,056350626118068;13479;45
509;Core i5;8265U;8 GB;DDR4;GeForce MX250;SSD;512 GB;-;-;1119,0;7,129579982126899;7978;15
510;Core i7;8565U;8 GB;DDR4;UHD Graphics 620;SSD;512 GB;-;-;1119,0;7,957104557640751;8904;15
511;Core i5;8365U;8 GB;DDR4;UHD Graphics 620;SSD;256 GB;-;-;1119,0;7,5049151027703305;8398;15
512;Core i7;8550U;8 GB;DDR4;UHD Graphics 620;SSD;256 GB;-;-;1119,8;7,363814966958386;8246;15
513;Core i5;8365U;16 GB;DDR4;UHD Graphics 620;SSD;512 GB;-;-;1123,0;7,478183437221728;8398;15
514;Core i7;8565U;16 GB;DDR4;GeForce MX130;SSD;512 GB;-;-;1127,7;7,895716945996275;8904;15
516;Core i5;8350U;8 GB;DDR4;UHD Graphics 620;SSD;256 GB;-;-;1129,0;7,20992028343667;8140;15
517;Core i5;8350U;8 GB;DDR4;UHD Graphics 620;SSD;256 GB;-;-;1129,0;7,20992028343667;8140;15
518;Core i7;9750H;8 GB;DDR4;GeForce GTX 1650;SSD;512 GB;-;-;1129,99;11,928424145346419;13479;45
519;Core i5;7200U;8 GB;DDR4;Intel HD 620;SSD;256 GB;-;-;1130,0;4,0380530973451325;4563;15
521;Core i7;9750H;8 GB;DDR4;GeForce GTX 1650;SSD;256 GB;HDD;1000 GB;1137,0;11,854881266490764;13479;45
522;Core i7;9750H;8 GB;DDR4;GeForce GTX 1650;SSD;256 GB;HDD;1000 GB;1137,0;11,854881266490764;13479;45
523;Core i5;10510U;8 GB;DDR4;GeForce MX230;SSD;512 GB;-;-;1137,0;8,385224274406333;9534;15
524;Core i7;8750H;16 GB;DDR4;GeForce GTX 1050 Ti;SSD;256 GB;HDD;1000 GB;1138,0;10,897188049209138;12401;45
525;Core i7;9750H;8 GB;DDR4;GeForce GTX 1650;SSD;512 GB;-;-;1138,0;11,844463971880492;13479;45
526;Core i5;8250U;8 GB;DDR4;UHD Graphics 620;SSD;256 GB;-;-;1138,0;6,723198594024605;7651;15
527;Core i7;8750H;8 GB;DDR4;GeForce GTX 1050 Ti;SSD;128 GB;HDD;1000 GB;1139,0;10,887620719929762;12401;45
528;Core i5;9300H;8 GB;DDR4;UHD Graphics 630;SSD;256 GB;-;-;1142,0;8,544658493870402;9758;45
529;Core i7;8550U;8 GB;DDR4;UHD Graphics 620;SSD;256 GB;-;-;1145,0;7,20174672489083;8246;15
530;Core i5;8250U;8 GB;DDR4;HD Graphics 620;SSD;256 GB;-;-;1146,0;6,676265270506108;7651;15
531;Core i7;8565U;8 GB;DDR4;UHD Graphics 620;SSD;256 GB;-;-;1147,0;7,762859633827376;8904;15
532;Core i7;8750H;16 GB;DDR4;GeForce GTX 1650;SSD;512 GB;-;-;1148,0;10,80226480836237;12401;45
533;Core i5;8265U;8 GB;DDR4;UHD Graphics 620;SSD;256 GB;-;-;1148,5;6,946451893774489;7978;15
534;Core i7;9750H;8 GB;DDR4;GeForce GTX 1650;SSD;128 GB;-;-;1149,0;11,73107049608355;13479;45
535;Core i7;8565U;8 GB;DDR4;GeForce MX250;SSD;256 GB;-;-;1149,0;7,749347258485639;8904;15
536;Core i7;8750H;8 GB;DDR4;GeForce GTX 1050 Ti;SSD;128 GB;HDD;1000 GB;1149,0;10,792863359442993;12401;45
537;Core i7;8750H;8 GB;DDR4;GeForce GTX 1050 Ti;SSD;128 GB;HDD;1000 GB;1149,0;10,792863359442993;12401;45
538;Core i7;8750H;8 GB;DDR4;GeForce GTX 1050;SSD;128 GB;HDD;1000 GB;1149,0;10,792863359442993;12401;45
539;Core i7;8750H;8 GB;DDR4;GeForce GTX 1050;SSD;128 GB;HDD;1000 GB;1149,0;10,792863359442993;12401;45
540;Core i7;8565U;8 GB;DDR4;UHD Graphics 620;SSD;256 GB;-;-;1149,0;7,749347258485639;8904;15
543;Core i5;8250U;8 GB;DDR4;GeForce 940MX;SSD;256 GB;-;-;1150,49;6,650209910559848;7651;15
544;Core i5;8250U;8 GB;DDR4;UHD Graphics 620;SSD;256 GB;-;-;1156,5;6,615650670125378;7651;15
545;Core i7;8565U;12 GB;DDR4;GeForce GTX 1050;SSD;512 GB;-;-;1156,99;7,695831424644984;8904;15
546;Core i5;8250U;8 GB;DDR4;HD Graphics 620;SSD;256 GB;-;-;1158,0;6,6070811744386875;7651;15
547;Core i7;10510U;8 GB;DDR4;GeForce MX250;SSD;256 GB;-;-;1158,0;8,233160621761659;9534;15
548;Core i7;8550U;8 GB;DDR4;Radeon RX 550;SSD;256 GB;-;-;1159,0;7,114754098360656;8246;15
549;Core i7;8565U;8 GB;DDR4;GeForce MX130;SSD;128 GB;HDD;1000 GB;1165,0;7,642918454935622;8904;15
550;Core i7;10510U;16 GB;DDR4;GeForce MX250;SSD;512 GB;-;-;1167,0;8,169665809768638;9534;15
552;Core i7;8565U;8 GB;DDR4;GeForce MX130;SSD;256 GB;-;-;1169,0;7,616766467065868;8904;15
553;Core i7;8750H;8 GB;DDR4;GeForce GTX 1050;SSD;256 GB;HDD;1000 GB;1169,0;10,608212147134303;12401;45
554;Core i7;8565U;8 GB;DDR4;GeForce MX130;SSD;256 GB;-;-;1170,0;7,61025641025641;8904;15
555;Core i5;8300H;8 GB;DDR4;GeForce GTX 1050 Ti;SSD;128 GB;HDD;1000 GB;1170,0;8,08974358974359;9465;45
556;Core i7;9750H;16 GB;DDR4;GeForce GTX 1050;SSD;512 GB;-;-;1173,0;11,491048593350383;13479;45
557;Core i5;8250U;8 GB;DDR4;Radeon 530;SSD;256 GB;-;-;1174,5;6,5142613878246065;7651;15
560;Core i7;7700HQ;16 GB;DDR4;GeForce GTX 1060;SSD;128 GB;HDD;1000 GB;1179,0;7,435114503816794;8766;45
561;Core i7;8550U;16 GB;DDR4;GeForce 930MX;SSD;512 GB;-;-;1179,0;6,994062765055132;8246;15
562;Core i5;9300H;8 GB;DDR4;GeForce GTX 1650;SSD;256 GB;-;-;1179,0;8,276505513146734;9758;45
563;Core i5;9300H;8 GB;DDR4;GeForce GTX 1650;SSD;512 GB;-;-;1179,99;8,269561606454293;9758;45
564;Core i7;9750H;8 GB;DDR4;GeForce GTX 1650;SSD;1000 GB;-;-;1179,99;11,422978160831871;13479;45
565;Core i7;8565U;16 GB;DDR4;UHD Graphics 620;SSD;512 GB;-;-;1180,0;7,545762711864406;8904;15
566;Core i5;8265U;8 GB;DDR4;UHD Graphics 620;SSD;512 GB;-;-;1187,0;6,721145745577085;7978;15
567;Core i7;8550U;16 GB;DDR4;GeForce MX150;SSD;512 GB;-;-;1189,0;6,935239697224558;8246;15
568;Core i5;8365U;8 GB;DDR4;UHD Graphics 620;SSD;256 GB;-;-;1190,0;7,057142857142857;8398;15
569;Core i7;9750H;16 GB;DDR4;GeForce GTX 1650;SSD;256 GB;HDD;1000 GB;1198,0;11,251252086811352;13479;45
570;Core i7;8750H;16 GB;DDR4;GeForce GTX 1050 Ti;SSD;256 GB;HDD;1000 GB;1199,0;10,34278565471226;12401;45
571;Core i7;9750H;16 GB;DDR4;GeForce GTX 1650;SSD;128 GB;HDD;1000 GB;1199,0;11,2418682235196;13479;45
572;Core i7;8565U;8 GB;DDR4;GeForce MX250;SSD;512 GB;-;-;1199,0;7,4261884904086735;8904;15
573;Core i7;9750H;16 GB;DDR4;GeForce GTX 1650;SSD;1000 GB;-;-;1199,0;11,2418682235196;13479;45
574;Core i7;9750H;8 GB;DDR4;GeForce GTX 1650;SSD;256 GB;-;-;1199,0;11,2418682235196;13479;45
575;Core i5;8265U;12 GB;DDR4;UHD Graphics 620;SSD;256 GB;-;-;1199,0;6,653878231859883;7978;15
576;Core i5;9300H;8 GB;DDR4;GeForce GTX 1650;SSD;256 GB;HDD;1000 GB;1199,0;8,138448707256046;9758;45
577;Core i5;8300H;8 GB;DDR4;GeForce GTX 1050 Ti;SSD;256 GB;-;-;1199,0;7,894078398665554;9465;45
579;Core i5;8265U;8 GB;DDR4;UHD Graphics 620;SSD;512 GB;-;-;1199,0;6,653878231859883;7978;15
580;Core i7;9750H;8 GB;DDR4;GeForce GTX 1660 Ti;SSD;512 GB;-;-;1199,9;11,23343611967664;13479;45
581;Core i7;8750H;8 GB;DDR4;GeForce GTX 1060;SSD;256 GB;-;-;1199,9;10,335027918993248;12401;45
582;Core i5;8300H;8 GB;DDR4;GeForce GTX 1050 Ti;SSD;16 GB;HDD;1000 GB;1199,99;7,887565729714415;9465;45
583;Core i7;8550U;8 GB;DDR4;Radeon RX 550;SSD;256 GB;-;-;1200,0;6,871666666666667;8246;15
584;Core i7;8550U;8 GB;DDR4;UHD Graphics 620;SSD;256 GB;-;-;1204,99;6,843210317098067;8246;15
586;Core i5;9300H;8 GB;DDR4;UHD Graphics 630;SSD;256 GB;-;-;1218,0;8,011494252873563;9758;45
587;Core i7;9750H;16 GB;DDR4;GeForce GTX 1650;SSD;256 GB;HDD;1000 GB;1218,99;11,057514827849285;13479;45
588;Core i7;8565U;8 GB;DDR4;UHD Graphics 620;SSD;256 GB;-;-;1219,0;7,304347826086956;8904;15
589;Core i7;8750H;8 GB;DDR4;GeForce GTX 1060;SSD;256 GB;HDD;1000 GB;1219,0;10,173092698933552;12401;45
590;Core i7;9750H;8 GB;DDR4;GeForce GTX 1660 Ti;SSD;256 GB;-;256 GB;1219,99;11,048451216813252;13479;45
591;Core i7;8550U;8 GB;DDR4;UHD Graphics 620;SSD;256 GB;-;-;1225,0;6,731428571428571;8246;15
594;Core i7;8750H;8 GB;DDR4;GeForce GTX 1050 Ti;SSD;256 GB;SSD;-;1229,0;10,090317331163547;12401;45
596;Core i7;9750H;8 GB;DDR4;GeForce GTX 1660 Ti;SSD;512 GB;-;-;1238,0;10,887722132471728;13479;45
597;Core i5;8250U;8 GB;DDR4;UHD Graphics 620;SSD;512 GB;-;-;1239,0;6,175141242937853;7651;15
598;Core i7;8565U;8 GB;DDR4;UHD Graphics 620;SSD;512 GB;-;-;1239,0;7,186440677966102;8904;15
599;Core i7;8565U;16 GB;DDR4;UHD Graphics 620;SSD;512 GB;-;-;1239,0;7,186440677966102;8904;15
600;Core i7;9750H;8 GB;DDR4;GeForce GTX 1650;SSD;512 GB;-;-;1239,0;10,878934624697337;13479;45
601;Core i7;8565U;16 GB;DDR4;UHD Graphics 620;SSD;512 GB;-;-;1242,9;7,163890900313782;8904;15
602;Core i5;7200U;8 GB;DDR4;HD Graphics 620;SSD;256 GB;-;-;1244,0;3,668006430868167;4563;15
603;Core i7;9750H;16 GB;DDR4;GeForce GTX 1050;SSD;256 GB;HDD;1000 GB;1245,27;10,824158616203714;13479;45
604;Core i7;8565U;8 GB;DDR4;GeForce MX250;SSD;256 GB;-;-;1247,0;7,140336808340016;8904;15
605;Core i7;8750H;16 GB;DDR4;GeForce GTX 1060;SSD;256 GB;HDD;1000 GB;1248,0;9,936698717948717;12401;45
606;Core i7;9750H;8 GB;DDR4;GeForce GTX 1660 Ti;SSD;256 GB;-;-;1248,0;10,80048076923077;13479;45
608;Core i7;10510U;16 GB;DDR4;GeForce MX250;SSD;512 GB;-;-;1249,0;7,633306645316253;9534;15
609;Core i5;8250U;8 GB;DDR4;UHD Graphics 620;SSD;256 GB;-;-;1249,0;6,125700560448359;7651;15
610;Core i7;8550U;8 GB;DDR4;GeForce MX150;SSD;256 GB;HDD;1000 GB;1249,0;6,602081665332266;8246;15
611;Core i7;8565U;8 GB;DDR4;UHD Graphics 620;SSD;256 GB;-;-;1249,0;7,128903122497999;8904;15
612;Core i7;8665U;16 GB;DDR4;UHD Graphics 620;SSD;256 GB;-;-;1249,0;7,192954363490792;8984;15
613;Core i5;7200U;8 GB;DDR4;HD Graphics 620;SSD;256 GB;-;-;1249,0;3,653322658126501;4563;15
614;Core i7;8750H;8 GB;DDR4;GeForce GTX 1050 Ti;SSD;128 GB;HDD;1000 GB;1249,0;9,928742994395517;12401;45
615;Core i7;8750H;12 GB;DDR4;GeForce GTX 1050 Ti;SSD;128 GB;HDD;1000 GB;1249,99;9,920879367034937;12401;45
616;Core i5;8400H;8 GB;DDR4;UHD Graphics 630;SSD;256 GB;-;-;1251,0;8,31974420463629;10408;45
617;Core i7;9750H;8 GB;DDR4;GeForce GTX 1650;SSD;256 GB;HDD;1000 GB;1255,0;10,740239043824701;13479;45
618;Core i7;9750H;16 GB;DDR4;GeForce GTX 1650;SSD;256 GB;HDD;1000 GB;1258,0;10,71462639109698;13479;45
620;Core i7;8550U;8 GB;DDR4;UHD Graphics 620;SSD;512 GB;-;-;1259,0;6,549642573471009;8246;15
621;Core i7;8750H;16 GB;DDR4;GeForce GTX 1060;SSD;256 GB;-;-;1259,0;9,849880857823669;12401;45
622;Core i7;8750H;8 GB;DDR4;GeForce GTX 1050Ti;SSD;128 GB;HDD;1000 GB;1259,0;9,849880857823669;12401;45
623;Core i5;8265U;8 GB;DDR4;UHD Graphics 620;SSD;256 GB;-;-;1259,99;6,331796284097493;7978;15
624;Core i7;8565U;8 GB;DDR4;GeForce MX150;SSD;512 GB;-;-;1260,0;7,066666666666666;8904;15
625;Core i7;8750H;8 GB;DDR4;GeForce GTX 1050 Ti;SSD;128 GB;HDD;1000 GB;1262,57;9,82202966964208;12401;45
626;Core i5;8365U;16 GB;DDR4;UHD Graphics 620;SSD;512 GB;-;-;1263,65;6,64582756301191;8398;15
627;Core i5;8265U;16 GB;DDR4;UHD Graphics 620;SSD;512 GB;-;-;1266,0;6,3017377567140604;7978;15
628;Core i7;8565U;8 GB;DDR4;UHD Graphics 620;SSD;256 GB;SSD;256 GB;1268,0;7,022082018927445;8904;15
629;Core i7;8750H;16 GB;DDR4;GeForce GTX 1060;SSD;256 GB;HDD;1000 GB;1268,0;9,779968454258675;12401;45
630;Core i7;8750H;16 GB;DDR4;GeForce GTX 1060;SSD;128 GB;HDD;1000 GB;1269,0;9,772261623325454;12401;45
631;Core i7;8565U;8 GB;DDR4;UHD Graphics 620;SSD;256 GB;-;-;1269,14;7,015774461446333;8904;15
632;Core i7;8750H;16 GB;DDR4;GeForce GTX 1060;SSD;512 GB;-;-;1278,0;9,703442879499217;12401;45
633;Core i7;9750H;8 GB;DDR4;GeForce GTX 1660 Ti;SSD;512 GB;-;-;1278,01;10,54686583047081;13479;45
634;Core i7;9750H;16 GB;DDR4;GeForce GTX 1660 Ti;SSD;512 GB;-;-;1279,0;10,538702111024238;13479;45
635;Core i5;9300H;8 GB;DDR4;GeForce RTX 2060;SSD;1000 GB;-;-;1279,0;7,629397967161845;9758;45
636;Core i7;8750H;16 GB;DDR4;GeForce GTX 1050;SSD;128 GB;HDD;1000 GB;1279,0;9,695856137607505;12401;45
637;Core i7;8565U;16 GB;DDR4;GeForce MX250;SSD;512 GB;-;-;1282,0;6,945397815912637;8904;15
638;Core i5;8265U;8 GB;DDR4;UHD Graphics 620;SSD;512 GB;-;-;1283,0;6,218238503507404;7978;15
639;Core i7;8750H;16 GB;DDR4;GeForce GTX 1060;SSD;128 GB;HDD;1000 GB;1287,6;9,631096613855235;12401;45
642;Core i7;8750H;16 GB;DDR4;GeForce GTX 1060;SSD;512 GB;HDD;2000 GB;1289,0;9,620636152055857;12401;45
643;Core i7;8650U;8 GB;DDR4;UHD Graphics 620;SSD;256 GB;-;-;1292,0;6,730650154798762;8696;15
644;Core i5;8265U;8 GB;DDR4;UHD Graphics 620;SSD;256 GB;-;-;1292,0;6,174922600619195;7978;15
645;Core i7;8550U;8 GB;DDR4;UHD Graphics 620;SSD;256 GB;-;-;1293,99;6,372537654850501;8246;15
646;Core i7;7500U;8 GB;DDR4;HD Graphics 620;SSD;256 GB;-;-;1295,0;3,9567567567567568;5124;15
647;Core i7;8550U;16 GB;DDR4;UHD Graphics 620;SSD;512 GB;-;-;1295,0;6,367567567567567;8246;15
648;Core i5;7200U;8 GB;DDR4;HD Graphics 620;SSD;256 GB;-;-;1295,0;3,5235521235521237;4563;15
649;Core i7;9750H;16 GB;DDR4;GeForce GTX 1650;SSD;512 GB;-;-;1296,0;10,400462962962964;13479;45
650;Core i7;8550U;8 GB;DDR4;UHD Graphics 620;SSD;256 GB;-;-;1298,0;6,352850539291217;8246;15
651;Core i5;9300H;16 GB;DDR4;GeForce GTX 1660;SSD;256 GB;HDD;1000 GB;1299,0;7,5119322555812165;9758;45
653;Core i7;9750H;16 GB;DDR4;GeForce GTX 1650;SSD;512 GB;-;-;1299,0;10,376443418013857;13479;45
655;Core i5;8265U;8 GB;DDR4;UHD Graphics 620;SSD;256 GB;-;-;1299,0;6,141647421093149;7978;15
656;Core i7;8565U;16 GB;DDR4;GeForce MX150;SSD;512 GB;-;-;1299,0;6,854503464203233;8904;15
657;Core i7;9750H;8 GB;DDR4;GeForce GTX 1660 Ti;SSD;512 GB;-;-;1299,0;10,376443418013857;13479;45
658;Core i7;9750H;16 GB;DDR4;GeForce GTX 1650;SSD;128 GB;HDD;1000 GB;1299,0;10,376443418013857;13479;45
659;Core i7;8750H;16 GB;DDR4;GeForce GTX 1060;SSD;256 GB;-;-;1299,0;9,54657428791378;12401;45
660;Core i7;8750H;16 GB;DDR4;GeForce GTX 1050;SSD;256 GB;HDD;1000 GB;1299,0;9,54657428791378;12401;45
661;Core i7;8750H;12 GB;DDR4;GeForce GTX 1050 Ti;SSD;128 GB;Hybrid;1000 GB;1299,01;9,54650079676061;12401;45
662;Core i5;8250U;8 GB;DDR4;UHD Graphics 620;SSD;256 GB;-;-;1299,9;5,885837372105546;7651;15
663;Core i5;8265U;8 GB;DDR4;UHD Graphics 620;SSD;256 GB;-;-;1299,9;6,137395184244942;7978;15
664;Core i7;8750H;8 GB;DDR4;GeForce GTX 1060;SSD;128 GB;HDD;1000 GB;1299,9;9,539964612662512;12401;45
665;Core i7;9750H;8 GB;DDR4;GeForce GTX 1050;SSD;256 GB;-;-;1299,9;10,369259173782599;13479;45
666;Core i7;10510U;16 GB;DDR4;GeForce MX250;SSD;512 GB;-;-;1303,0;7,316960859554873;9534;15
667;Core i7;8550U;16 GB;DDR4;UHD Graphics 620;SSD;512 GB;-;-;1309,0;6,2994652406417115;8246;15
668;Core i7;8750H;16 GB;DDR4;GeForce GTX 1050;SSD;512 GB;HDD;1000 GB;1309,0;9,473644003055767;12401;45
669;Core i7;8750H;16 GB;DDR4;GeForce GTX 1050 Ti;SSD;128 GB;HDD;1000 GB;1309,0;9,473644003055767;12401;45
670;Core i5;8250U;8 GB;DDR4;UHD Graphics 620;SSD;256 GB;-;-;1311,0;5,836003051106026;7651;15
671;Core i7;8665U;16 GB;DDR4;UHD Graphics 620;SSD;512 GB;-;-;1318,0;6,816388467374811;8984;15
672;Core i5;8250U;8 GB;DDR4;UHD Graphics 620;SSD;256 GB;-;-;1318,0;5,805007587253415;7651;15
673;Core i7;9750H;16 GB;DDR4;GeForce GTX 1650;SSD;256 GB;HDD;1000 GB;1319,0;10,219105382865807;13479;45
676;Core i5;8300H;8 GB;DDR4;GeForce GTX 1060;SSD;128 GB;HDD;1000 GB;1319,0;7,175890826383624;9465;45
677;Core i7;8750H;8 GB;DDR4;GeForce GTX 1050 Ti;SSD;128 GB;HDD;1000 GB;1324,0;9,36631419939577;12401;45
679;Core i5;8265U;8 GB;DDR4;UHD Graphics 620;SSD;512 GB;-;-;1325,4;6,019314923796589;7978;15
680;Core i7;8565U;16 GB;DDR4;Radeon RX 550X;SSD;512 GB;-;-;1329,0;6,699774266365688;8904;15
681;Core i7;8550U;8 GB;DDR4;UHD Graphics 620;SSD;256 GB;-;-;1329,0;6,204665161775771;8246;15
682;Core i7;8750H;16 GB;DDR4;GeForce GTX 1060;SSD;128 GB;Hybrid;1000 GB;1338,0;9,268310911808669;12401;45
683;Core i7;8565U;16 GB;DDR4;GeForce MX250;SSD;512 GB;-;-;1338,0;6,654708520179372;8904;15
684;Core i7;8550U;16 GB;DDR4;UHD Graphics 620;SSD;512 GB;-;-;1339,0;6,1583271097834205;8246;15
685;Core i5;8350U;16 GB;DDR4;UHD Graphics 620;SSD;512 GB;-;-;1339,0;6,079163554891711;8140;15
686;Core i5;8250U;8 GB;DDR4;UHD Graphics 620;SSD;256 GB;-;-;1339,99;5,70974410256793;7651;15
687;Core i5;9400H;16 GB;DDR4;UHD Graphics 630;SSD;256 GB;-;-;1340,0;8,533582089552239;11435;45
688;Core i7;8750H;16 GB;DDR4;GeForce GTX 1060;SSD;256 GB;HDD;1000 GB;1342,0;9,240685543964233;12401;45
689;Core i7;8750H;8 GB;DDR4;GeForce GTX 1050;SSD;128 GB;HDD;1000 GB;1344,0;9,226934523809524;12401;45
690;Core i7;8550U;8 GB;DDR4;UHD Graphics 620;SSD;512 GB;-;-;1345,0;6,1308550185873605;8246;15
691;Core i7;8565U;16 GB;DDR4;GeForce MX250;SSD;512 GB;-;-;1347,0;6,610244988864142;8904;15
692;Core i7;8565U;16 GB;DDR4;HD Graphics;SSD;256 GB;-;-;1347,0;6,610244988864142;8904;15
693;Core i7;8750H;16 GB;DDR4;GeForce GTX 1060;SSD;256 GB;HDD;1000 GB;1348,04;9,199281920417793;12401;45
695;Core i5;8265U;8 GB;DDR4;UHD Graphics 620;SSD;256 GB;-;-;1349,0;5,914010378057821;7978;15
696;Core i7;8565U;16 GB;DDR4;UHD Graphics 620;SSD;512 GB;-;-;1349,0;6,600444773906598;8904;15
697;Core i7;10510U;16 GB;DDR4;UHD Graphics;SSD;512 GB;-;-;1349,0;7,067457375833951;9534;15
698;Core i7;9750H;16 GB;DDR4;GTX 1660 Ti;SSD;128 GB;HDD;1000 GB;1349,0;9,991845811712379;13479;45
699;Core i7;8750H;16 GB;DDR4;GeForce GTX 1060;SSD;256 GB;HDD;1000 GB;1349,0;9,192735359525575;12401;45
700;Core i7;8750H;16 GB;DDR4;GeForce GTX 1050 Ti;SSD;256 GB;HDD;1000 GB;1349,0;9,192735359525575;12401;45
703;Core i7;9750H;16 GB;DDR4;GeForce GTX 1650;SSD;512 GB;-;-;1349,0;9,991845811712379;13479;45
704;Core i7;8565U;8 GB;DDR4;Radeon RX 550;SSD;256 GB;-;-;1349,0;6,600444773906598;8904;15
705;Core i5;8250U;16 GB;DDR4;UHD Graphics 620;SSD;256 GB;-;-;1349,9;5,667827246462701;7651;15
706;Core i5;9400H;16 GB;DDR4;UHD Graphics 630;SSD;512 GB;-;-;1351,0;8,464100666173206;11435;45
707;Core i7;9850H;8 GB;DDR4;GeForce MX150;SSD;256 GB;-;-;1354,0;10,395864106351551;14076;45
708;Core i7;8550U;8 GB;DDR4;UHD Graphics 620;SSD;256 GB;-;-;1354,0;6,0901033973412115;8246;15
709;Core i7;8565U;16 GB;DDR4;UHD Graphics 620;SSD;512 GB;-;-;1358,0;6,556701030927835;8904;15
710;Core i5;8250U;8 GB;DDR4;UHD Graphics 620;SSD;256 GB;-;-;1359,0;5,629874908020604;7651;15
713;Core i5;9300H;8 GB;DDR4;GeForce GTX 1650;SSD;128 GB;HDD;1000 GB;1365,0;7,148717948717949;9758;45
714;Core i5;9300H;8 GB;DDR4;GeForce GTX 1050;SSD;256 GB;-;-;1366,2;7,1424388815693165;9758;45
715;Core i7;8550U;16 GB;DDR4;UHD Graphics 620;SSD;512 GB;-;-;1368,0;6,027777777777778;8246;15
716;Core i7;9750H;8 GB;DDR4;GeForce GTX 1660 Ti;SSD;256 GB;-;-;1368,0;9,853070175438596;13479;45
717;Core i7;8750H;8 GB;DDR4;GeForce GTX 1050 Ti;SSD;128 GB;HDD;1000 GB;1368,5;9,061746437705517;12401;45
718;Core i7;8550U;16 GB;DDR4;UHD Graphics 620;SSD;512 GB;-;16 GB;1369,0;6,023374726077429;8246;15
719;Core i7;9750H;8 GB;DDR4;GeForce GTX 1660 Ti;SSD;256 GB;-;-;1369,0;9,845872899926954;13479;45
720;Core i7;8550U;8 GB;DDR4;UHD Graphics 620;SSD;256 GB;-;-;1369,99;6,019022036657202;8246;15
721;Core i7;8550U;16 GB;DDR4;UHD Graphics 620;SSD;512 GB;-;-;1369,99;6,019022036657202;8246;15
722;Core i5;8265U;8 GB;DDR4;UHD Graphics 620;SSD;256 GB;-;-;1378,0;5,78955007256894;7978;15
724;Core i7;8750H;8 GB;DDR4;GeForce GTX 1060;SSD;256 GB;HDD;1000 GB;1379,0;8,992748368382886;12401;45
725;Core i5;8265U;8 GB;DDR4;UHD Graphics 620;SSD;256 GB;-;-;1381,0;5,77697320782042;7978;15
727;Core i7;8750H;8 GB;DDR4;GeForce GTX 1050 Ti;SSD;256 GB;-;-;1389,0;8,928005759539237;12401;45
728;Core i5;9300H;8 GB;DDR4;GeForce RTX 2060;SSD;512 GB;SSD;6 GB;1397,01;6,984917788705879;9758;45
729;Core i5;7300HQ;8 GB;DDR4;GeForce GTX 1060;SSD;256 GB;-;-;1398,0;4,8040057224606585;6716;45
730;Core i7;8750H;16 GB;DDR4;GeForce GTX 1050 Ti;SSD;128 GB;HDD;1000 GB;1399,0;8,864188706218728;12401;45
731;Core i7;9750H;16 GB;DDR4;GeForce GTX 1660 Ti;SSD;128 GB;HDD;1000 GB;1399,0;9,634739099356683;13479;45
733;Core i7;8750H;8 GB;DDR4;GeForce RTX 2060;SSD;128 GB;HDD;1000 GB;1399,0;8,864188706218728;12401;45
734;Core i7;9750H;16 GB;DDR4;GeForce GTX 1660 Ti;SSD;256 GB;HDD;1000 GB;1399,0;9,634739099356683;13479;45
735;Core i7;8750H;12 GB;DDR4;GeForce GTX 1060;SSD;128 GB;HDD;1000 GB;1399,0;8,864188706218728;12401;45
737;Core i7;8750H;8 GB;DDR4;Quadro P600;SSD;256 GB;-;-;1399,0;8,864188706218728;12401;45
739;Core i7;8565U;16 GB;DDR4;UHD Graphics 620;SSD;512 GB;SSD;512 GB;1399,0;6,364546104360257;8904;15
740;Core i5;9300H;8 GB;DDR4;GeForce GTX 1660 Ti;SSD;512 GB;-;-;1399,0;6,974982130092924;9758;45
741;Core i7;7700HQ;8 GB;DDR4;Quadro M620;SSD;256 GB;-;-;1399,0;6,26590421729807;8766;45
742;Core i5;10210U;8 GB;DDR4;GeForce MX250;SSD;512 GB;-;-;1399,0;6,508220157255182;9105;15
743;Core i7;8750H;16 GB;DDR4;GeForce GTX 1050 Ti;SSD;256 GB;HDD;1000 GB;1399,0;8,864188706218728;12401;45
744;Core i7;9750H;8 GB;DDR4;GeForce GTX 1660 Ti;SSD;512 GB;-;-;1399,0;9,634739099356683;13479;45
745;Core i7;9750H;8 GB;DDR4;GeForce RTX 2060;SSD;512 GB;-;-;1399,01;9,634670231091986;13479;45
746;Core i7;8565U;8 GB;DDR4;UHD Graphics 620;SSD;256 GB;-;-;1399,9;6,360454318165583;8904;15
748;Core i7;8750H;8 GB;DDR4;GeForce GTX 1060;SSD;512 GB;-;-;1402,07;8,844779504589642;12401;45
749;Core i5;7300U;16 GB;DDR4;HD Graphics 620;SSD;512 GB;-;-;1402,28;3,6804347205978836;5161;15
750;Core i7;8850H;8 GB;DDR4;UHD Graphics 630;SSD;256 GB;-;-;1403,99;9,248641372089544;12985;45
751;Core i7;8565U;16 GB;DDR4;UHD Graphics 620;SSD;1000 GB;-;-;1409,0;6,319375443577005;8904;15
752;Core i7;8665U;8 GB;DDR4;UHD Graphics 620;SSD;256 GB;-;-;1414,0;6,353606789250354;8984;15
753;Core i5;8265U;16 GB;DDR4;UHD Graphics 620;SSD;256 GB;-;-;1414,0;5,642149929278642;7978;15
754;Core i7;8565U;8 GB;DDR4;UHD Graphics 620;SSD;512 GB;-;-;1417,0;6,283697953422724;8904;15
755;Core i7;8550U;8 GB;DDR4;Radeon Pro WX 3100;SSD;256 GB;-;-;1419,0;5,8111346018322765;8246;15
756;Core i7;8750H;16 GB;DDR4;GeForce GTX 1050 Ti;SSD;512 GB;-;-;1419,61;8,735497777558626;12401;45
759;Core i5;8300H;8 GB;DDR4;GeForce GTX 1050 Ti;SSD;128 GB;HDD;1000 GB;1422,31;6,6546674072459595;9465;45
760;Core i7;8565U;16 GB;DDR4;UHD Graphics 620;SSD;512 GB;-;-;1424,0;6,252808988764045;8904;15
761;Core i7;8550U;16 GB;DDR4;UHD Graphics 620;SSD;512 GB;-;-;1425,0;5,786666666666667;8246;15
762;Core i7;8665U;16 GB;DDR4;UHD Graphics 620;SSD;256 GB;-;-;1426,0;6,300140252454418;8984;15
764;Core i5;8250U;8 GB;DDR4;UHD Graphics 620;SSD;512 GB;-;-;1428,0;5,357843137254902;7651;15
766;Core i7;9750H;16 GB;DDR4;GeForce GTX 1660 Ti;SSD;256 GB;HDD;1000 GB;1429,0;9,432470258922324;13479;45
768;Core i7;9750H;8 GB;DDR4;GeForce GTX 1650;SSD;256 GB;HDD;1000 GB;1429,0;9,432470258922324;13479;45
770;Core i7;8750H;16 GB;DDR4;GeForce GTX 1060;SSD;128 GB;HDD;1000 GB;1430,9;8,666573485219093;12401;45
771;Core i5;8265U;8 GB;DDR4;UHD Graphics 620;SSD;256 GB;-;-;1433,0;5,567341242149337;7978;15
773;Core i7;9750H;16 GB;DDR4;GeForce GTX 1660 Ti;SSD;256 GB;HDD;2000 GB;1439,0;9,36692147324531;13479;45
774;Core i7;8750H;16 GB;DDR4;GeForce GTX 1050 Ti;SSD;512 GB;-;-;1439,0;8,617790132036136;12401;45
775;Core i7;9750H;8 GB;DDR4;GeForce GTX 1660 Ti;SSD;256 GB;HDD;1000 GB;1439,0;9,36692147324531;13479;45
776;Core i7;9750H;8 GB;DDR4;GeForce GTX 1660 Ti;SSD;512 GB;-;-;1439,0;9,36692147324531;13479;45
777;Core i7;9750H;8 GB;DDR4;GeForce RTX 2060;SSD;512 GB;-;-;1445,05;9,327704923705062;13479;45
778;Core i5;8300H;8 GB;DDR4;Quadro P600;SSD;256 GB;-;-;1447,0;6,541119557705597;9465;45
779;Core i7;9750H;8 GB;DDR4;GeForce GTX 1660 Ti;SSD;512 GB;-;-;1449,0;9,302277432712215;13479;45
780;Core i7;9750H;16 GB;DDR4;GeForce GTX 1660 Ti;SSD;256 GB;-;-;1449,0;9,302277432712215;13479;45
781;Core i7;8750H;16 GB;DDR4;GeForce GTX 1060;SSD;256 GB;HDD;1000 GB;1449,0;8,55831608005521;12401;45
782;Core i7;8850H;16 GB;DDR4;GeForce MX130;SSD;256 GB;-;-;1449,0;8,96135265700483;12985;45
783;Core i5;8265U;8 GB;DDR4;UHD Graphics 620;SSD;256 GB;-;-;1449,0;5,5058661145617664;7978;15
784;Core i7;8565U;8 GB;DDR4;GeForce MX150;SSD;512 GB;-;-;1449,0;6,144927536231884;8904;15
785;Core i5;8365U;8 GB;DDR4;UHD Graphics 620;SSD;256 GB;-;-;1452,0;5,7837465564738295;8398;15
787;Core i7;8750H;8 GB;DDR4;GeForce GTX 1050 Ti;SSD;256 GB;-;-;1459,0;8,49965729952022;12401;45
788;Core i7;8750H;16 GB;DDR4;GeForce GTX 1060;SSD;256 GB;HDD;1000 GB;1467,9;8,448123169153211;12401;45
789;Core i7;9750H;16 GB;DDR4;GeForce GTX 1660 Ti;SSD;256 GB;HDD;1000 GB;1469,0;9,17562968005446;13479;45
790;Core i7;9750H;8 GB;DDR4;GeForce RTX 2060;SSD;512 GB;-;-;1469,99;9,169450132313825;13479;45
791;Core i7;8565U;16 GB;DDR4;UHD Graphics 620;SSD;512 GB;-;-;1475,0;6,036610169491525;8904;15
792;Core i7;9750H;16 GB;DDR4;GeForce GTX 1660 Ti;SSD;512 GB;HDD;1000 GB;1478,01;9,119694724663567;13479;45
793;Core i7;8750H;16 GB;DDR4;GeForce GTX 1050 Ti;SSD;256 GB;HDD;1000 GB;1478,5;8,387554954345621;12401;45
794;Core i7;9750H;16 GB;DDR4;GeForce GTX 1660 Ti;SSD;512 GB;-;-;1479,0;9,113590263691684;13479;45
795;Core i7;8565U;16 GB;DDR4;GeForce MX150;SSD;512 GB;-;-;1479,0;6,020283975659229;8904;15
796;Core i7;8750H;8 GB;DDR4;GeForce GTX 1050 Ti;SSD;512 GB;-;-;1479,0;8,38471940500338;12401;45
797;Core i7;9750H;16 GB;DDR4;GeForce GTX 1660 Ti;SSD;256 GB;HDD;1000 GB;1479,0;9,113590263691684;13479;45
798;Core i7;7700HQ;8 GB;DDR4;GeForce GTX 1060;SSD;256 GB;HDD;1000 GB;1485,0;5,903030303030303;8766;45
799;Core i7;8565U;16 GB;DDR4;Radeon RX 550;SSD;512 GB;-;-;1487,18;5,9871703492516035;8904;15
800;Core i7;9750H;8 GB;DDR4;GeForce GTX 1660 Ti;SSD;256 GB;HDD;1000 GB;1489,0;9,052384150436534;13479;45
801;Core i7;9750H;8 GB;DDR4;GeForce GTX 1650;SSD;256 GB;-;-;1489,0;9,052384150436534;13479;45
802;Core i7;8750H;8 GB;DDR4;GeForce GTX 1060;SSD;256 GB;-;-;1489,99;8,322874650165437;12401;45
803;Core i7;9750H;8 GB;DDR4;GeForce RTX 2060;SSD;128 GB;HDD;1000 GB;1490,0;9,046308724832215;13479;45
804;Core i5;8350U;8 GB;DDR4;UHD Graphics 620;SSD;256 GB;-;-;1490,0;5,4630872483221475;8140;15
805;Core i7;8750H;16 GB;DDR4;GeForce GTX 1060;SSD;256 GB;Hybrid;1000 GB;1491,8;8,312776511596729;12401;45
806;Core i7;9750H;8 GB;DDR4;GeForce GTX 1650;SSD;128 GB;HDD;1000 GB;1494,0;9,022088353413654;13479;45
807;Core i7;8550U;16 GB;DDR4;Radeon Pro WX 3100;SSD;512 GB;SSD;-;1495,0;5,51571906354515;8246;15
808;Core i7;9750H;12 GB;DDR4;GeForce GTX 1650;SSD;128 GB;HDD;1000 GB;1497,0;9,004008016032063;13479;45
809;Core i5;7200U;8 GB;DDR4;HD Graphics 620;SSD;256 GB;-;-;1497,99;3,0460817495443893;4563;15
810;Core i7;8750H;16 GB;DDR4;GeForce GTX 1060;SSD;256 GB;HDD;1000 GB;1499,0;8,272848565710474;12401;45
812;Core i7;9750H;16 GB;DDR4;GeForce GTX 1660 Ti;SSD;256 GB;-;-;1499,0;8,99199466310874;13479;45
813;Core i7;9750H;16 GB;DDR4;GeForce GTX 1650;SSD;256 GB;HDD;1000 GB;1499,0;8,99199466310874;13479;45
814;Core i7;9750H;16 GB;DDR4;GeForce GTX 1660 Ti;SSD;512 GB;HDD;1000 GB;1499,0;8,99199466310874;13479;45
817;Core i5;8265U;8 GB;DDR4;UHD Graphics 620;SSD;256 GB;-;-;1499,0;5,322214809873249;7978;15
819;Core i5;8265U;8 GB;DDR4;UHD Graphics 620;SSD;256 GB;-;-;1499,0;5,322214809873249;7978;15
820;Core i5;8265U;8 GB;DDR4;UHD Graphics 620;SSD;256 GB;-;-;1499,0;5,322214809873249;7978;15
821;Core i7;8650U;8 GB;DDR4;UHD Graphics 620;SSD;256 GB;-;-;1499,0;5,801200800533689;8696;15
822;Core i7;8665U;8 GB;DDR4;UHD Graphics 620;SSD;256 GB;-;-;1507,0;5,96151293961513;8984;15
823;Core i7;8665U;16 GB;DDR4;UHD Graphics 620;SSD;512 GB;-;-;1513,0;5,937871777924653;8984;15
824;Core i5;8265U;8 GB;DDR4;UHD Graphics 620;SSD;512 GB;-;-;1525,99;5,228081442211286;7978;15
825;Core i7;8550U;8 GB;DDR4;HD Graphics 620;SSD;256 GB;-;-;1528,0;5,396596858638744;8246;15
826;Core i7;8665U;16 GB;DDR4;UHD Graphics 620;SSD;512 GB;-;-;1529,0;5,87573577501635;8984;15
827;Core i7;9750H;16 GB;DDR4;GeForce GTX 1660 Ti;SSD;256 GB;-;-;1529,0;8,815565729234795;13479;45
828;Core i5;8300H;16 GB;DDR4;GeForce RTX 2060;SSD;256 GB;-;-;1529,0;6,190320470896011;9465;45
829;Core i7;8550U;8 GB;DDR4;UHD Graphics 620;SSD;512 GB;-;-;1534,0;5,375488917861799;8246;15
830;Core i7;8750H;16 GB;DDR4;GeForce GTX 1070;SSD;512 GB;HDD;1000 GB;1539,0;8,057829759584145;12401;45
832;Core i7;8565U;16 GB;DDR4;GeForce MX150;SSD;512 GB;-;-;1549,0;5,748224661071659;8904;15
833;Core i7;9750H;16 GB;DDR4;GeForce GTX 1650;SSD;512 GB;-;-;1549,0;8,701743060038735;13479;45
834;Core i7;8565U;16 GB;DDR4;UHD Graphics 620;SSD;256 GB;-;-;1549,0;5,748224661071659;8904;15
836;Core i5;8265U;16 GB;DDR4;UHD Graphics 620;SSD;512 GB;-;-;1549,99;5,147129981483752;7978;15
837;Core i7;8550U;8 GB;DDR4;Radeon Pro WX 3100;SSD;256 GB;-;-;1555,0;5,302893890675241;8246;15
838;Core i5;8350U;8 GB;DDR4;UHD Graphics 620;SSD;256 GB;-;-;1557,0;5,228002569043031;8140;15
839;Core i7;7700HQ;16 GB;DDR4;GeForce GTX 1050 Ti;SSD;512 GB;-;-;1559,0;5,622835150737652;8766;45
840;Core i7;9750H;16 GB;DDR4;GeForce RTX 2060;SSD;128 GB;HDD;1000 GB;1559,0;8,645926876202694;13479;45
842;Core i7;8750H;16 GB;DDR4;GeForce GTX 1060;SSD;256 GB;HDD;2000 GB;1564,0;7,929028132992327;12401;45
843;Core i7;9750H;8 GB;DDR4;GeForce GTX 1650;SSD;512 GB;-;-;1565,0;8,612779552715654;13479;45
845;Core i7;9750H;8 GB;DDR4;GeForce GTX 1660 Ti;SSD;256 GB;-;-;1569,99;8,585405002579634;13479;45
846;Core i7;8565U;16 GB;DDR4;UHD Graphics 620;SSD;512 GB;-;-;1571,0;5,667727562062381;8904;15
847;Core i5;8365U;16 GB;DDR4;UHD Graphics 620;SSD;512 GB;-;-;1573,0;5,338842975206612;8398;15
848;Core i7;7700HQ;16 GB;DDR4;GeForce GTX 1060;SSD;256 GB;HDD;1000 GB;1574,0;5,569250317662008;8766;45
849;Core i5;8250U;8 GB;DDR4;UHD Graphics 620;SSD;256 GB;-;-;1576,0;4,854695431472082;7651;15
850;Core i5;8250U;8 GB;DDR4;UHD Graphics 620;SSD;256 GB;-;-;1577,0;4,851616994292962;7651;15
851;Core i7;8550U;16 GB;DDR4;UHD Graphics 620;SSD;512 GB;-;-;1579,0;5,222292590246992;8246;15
853;Core i7;7820HQ;8 GB;DDR4;Quadro M620;SSD;256 GB;-;-;1579,0;5,8549715009499685;9245;45
854;Core i7;8550U;8 GB;DDR4;UHD Graphics 620;SSD;512 GB;-;-;1579,0;5,222292590246992;8246;15
855;Core i7;9750H;8 GB;DDR4;GeForce GTX 1660 Ti;SSD;512 GB;-;-;1579,0;8,53641545281824;13479;45
856;Core i7;8565U;8 GB;DDR4;UHD Graphics 620;SSD;256 GB;-;-;1582,0;5,628318584070796;8904;15
857;Core i7;9850H;16 GB;DDR4;UHD Graphics 630;SSD;512 GB;-;-;1583,0;8,891977258370183;14076;45
858;Core i7;9750H;16 GB;DDR4;GeForce GTX 1660 Ti;SSD;256 GB;HDD;1000 GB;1587,0;8,493383742911153;13479;45
859;Core i5;8350U;8 GB;DDR4;UHD Graphics 620;SSD;256 GB;-;-;1587,0;5,129174543163201;8140;15
860;Core i7;8565U;16 GB;DDR4;UHD Graphics 620;SSD;512 GB;-;-;1589,0;5,60352422907489;8904;15
861;Core i5;8365U;8 GB;DDR4;UHD Graphics 620;SSD;256 GB;-;-;1592,0;5,275125628140704;8398;15
862;Core i5;8265U;8 GB;DDR4;UHD Graphics 620;SSD;256 GB;-;-;1594,0;5,005018820577164;7978;15
866;Core i7;9750H;16 GB;DDR4;GeForce GTX 1660 Ti;SSD;256 GB;HDD;1000 GB;1599,0;8,429643527204503;13479;45
868;Core i7;9750H;16 GB;DDR4;GeForce GTX 1660Ti;SSD;256 GB;HDD;1000 GB;1599,0;8,429643527204503;13479;45
871;Core i7;8565U;8 GB;DDR4;UHD Graphics 620;SSD;256 GB;-;-;1599,0;5,568480300187617;8904;15
873;Core i7;8850H;16 GB;DDR4;UHD Graphics 630;SSD;512 GB;-;-;1629,2;7,970169408298551;12985;45
874;Core i7;7700HQ;8 GB;DDR4;Quadro M1200;SSD;256 GB;-;-;1629,95;5,3780790821804345;8766;45
875;Core i7;7500U;16 GB;DDR4;HD Graphics 620;SSD;512 GB;-;-;1638,0;3,128205128205128;5124;15
876;Core i7;8750H;16 GB;DDR4;GeForce GTX 1070;SSD;128 GB;HDD;1000 GB;1638,0;7,570818070818071;12401;45
877;Core i7;9750H;16 GB;DDR4;GeForce RTX 2060;SSD;1000 GB;-;-;1639,0;8,22391702257474;13479;45
880;Core i7;9750H;16 GB;DDR4;GeForce GTX 1660 Ti;SSD;512 GB;-;-;1649,0;8,174044875682231;13479;45
881;Core i7;8750H;16 GB;DDR4;GeForce GTX 1060;SSD;512 GB;-;-;1649,0;7,520315342631898;12401;45
883;Core i7;8565U;16 GB;DDR4;GeForce MX250;SSD;1000 GB;-;-;1649,0;5,399636143117041;8904;15
885;Core i7;9750H;8 GB;DDR4;Quadro P620;SSD;256 GB;-;-;1649,0;8,174044875682231;13479;45
886;Core i7;9750H;16 GB;DDR4;GeForce GTX 1660 Ti;SSD;512 GB;SSD;512 GB;1649,0;8,174044875682231;13479;45
888;Core i5;8265U;8 GB;DDR4;UHD Graphics 620;SSD;512 GB;-;-;1649,0;4,83808368708308;7978;15
889;Core i7;9750H;16 GB;DDR4;GeForce GTX 1660Ti;SSD;256 GB;HDD;1000 GB;1649,8;8,1700812219663;13479;45
890;Core i7;8750H;16 GB;DDR4;Quadro P600;SSD;512 GB;-;-;1650,0;7,515757575757576;12401;45
891;Core i7;8750H;8 GB;DDR4;GeForce RTX 2060;SSD;128 GB;HDD;1000 GB;1658,0;7,479493365500603;12401;45
892;Core i7;9750H;16 GB;DDR4;GeForce RTX 2060;SSD;512 GB;HDD;1000 GB;1659,0;8,124773960216999;13479;45
893;Core i7;8665U;8 GB;DDR4;UHD Graphics 620;SSD;256 GB;-;-;1659,0;5,415310427968656;8984;15
895;Core i7;8565U;8 GB;DDR4;Radeon Pro WX2100;SSD;256 GB;-;-;1669,0;5,334931096464949;8904;15
896;Core i7;9850H;16 GB;DDR4;GeForce MX150;SSD;512 GB;-;-;1673,0;8,413628212791393;14076;45
897;Core i5;8265U;8 GB;DDR4;UHD Graphics 620;SSD;256 GB;-;-;1673,0;4,768679019725045;7978;15
898;Core i7;8550U;8 GB;DDR4;UHD Graphics 620;SSD;512 GB;-;-;1677,0;4,91711389385808;8246;15
899;Core i7;7500U;16 GB;DDR4;HD Graphics 620;SSD;512 GB;-;-;1680,0;3,05;5124;15
901;Core i7;8565U;8 GB;DDR4;Radeon Pro WX2100;SSD;512 GB;-;-;1689,0;5,271758436944938;8904;15
903;Core i7;8750H;16 GB;DDR4;GeForce RTX 2060;SSD;128 GB;HDD;1000 GB;1689,0;7,3422143280047365;12401;45
906;Core i7;10510U;16 GB;DDR4;GeForce MX250;SSD;512 GB;-;-;1697,0;5,6181496758986444;9534;15
909;Core i7;8750H;16 GB;DDR4;GeForce GTX 1050 Ti;SSD;512 GB;-;-;1699,0;7,298999411418482;12401;45
911;Core i7;9750H;16 GB;DDR4;GeForce RTX 2060;SSD;256 GB;HDD;1000 GB;1699,0;7,933490288404944;13479;45
912;Core i7;9750H;16 GB;DDR4;GeForce RTX 2060;SSD;512 GB;-;-;1699,0;7,933490288404944;13479;45
913;Core i7;9750H;16 GB;DDR4;GeForce RTX 2060;SSD;512 GB;-;-;1699,0;7,933490288404944;13479;45
914;Core i7;8750H;8 GB;DDR4;Quadro P1000;SSD;256 GB;-;-;1699,0;7,298999411418482;12401;45
915;Core i7;8550U;12 GB;DDR4;UHD Graphics 620;SSD;256 GB;-;-;1699,0;4,853443201883461;8246;15
916;Core i7;8750H;8 GB;DDR4;GeForce GTX 1060;SSD;256 GB;HDD;1000 GB;1699,0;7,298999411418482;12401;45
917;Core i7;8650U;8 GB;DDR4;UHD Graphics 620;SSD;256 GB;-;-;1707,95;5,09148394273837;8696;15
918;Core i7;9750H;16 GB;DDR4;GeForce RTX 2060;SSD;1000 GB;-;-;1729,0;7,795835743204164;13479;45
919;Core i7;8565U;16 GB;DDR4;GeForce MX250;SSD;512 GB;-;-;1734,0;5,134948096885813;8904;15
920;Core i7;8750H;16 GB;DDR4;GeForce RTX 2060;SSD;256 GB;HDD;1000 GB;1739,0;7,131109833237493;12401;45
921;Core i7;8750H;16 GB;DDR4;GeForce GTX 1060;SSD;256 GB;HDD;1000 GB;1739,0;7,131109833237493;12401;45
922;Core i5;8265U;16 GB;DDR4;UHD Graphics 620;SSD;512 GB;-;-;1747,99;4,5640993369527285;7978;15
924;Core i7;9750H;16 GB;DDR4;GeForce RTX 2060;SSD;512 GB;HDD;1000 GB;1749,0;7,7066895368782165;13479;45
925;Core i7;8565U;16 GB;DDR4;GeForce GTX 1050;SSD;512 GB;-;-;1749,0;5,090909090909091;8904;15
926;Core i7;9750H;16 GB;DDR4;GeForce GTX 1660 Ti;SSD;256 GB;HDD;1000 GB;1749,0;7,7066895368782165;13479;45
927;Core i7;8550U;8 GB;DDR4;UHD Graphics 620;SSD;512 GB;-;-;1749,0;4,714694110920526;8246;15
928;Core i7;8565U;16 GB;DDR4;UHD Graphics 620;SSD;256 GB;-;-;1749,0;5,090909090909091;8904;15
929;Core i7;9750H;16 GB;DDR4;GeForce RTX 2060;SSD;512 GB;-;-;1749,0;7,7066895368782165;13479;45
931;Core i7;8550U;8 GB;DDR4;UHD Graphics 620;SSD;512 GB;-;-;1750,0;4,712;8246;15
932;Core i7;8550U;8 GB;DDR4;UHD Graphics 620;SSD;256 GB;-;-;1752,0;4,70662100456621;8246;15
934;Core i7;8550U;8 GB;DDR4;UHD Graphics 620;SSD;256 GB;-;-;1759,01;4,687864196337713;8246;15
935;Core i7;8750H;16 GB;DDR4;GeForce GTX 1050 Ti;SSD;512 GB;-;-;1768,0;7,014140271493213;12401;45
936;Core i7;8565U;8 GB;DDR4;UHD Graphics 620;SSD;512 GB;-;8 GB;1768,0;5,036199095022624;8904;15
937;Core i7;9750H;16 GB;DDR4;GeForce RTX 2060;SSD;512 GB;-;-;1769,0;7,619559072922555;13479;45
938;Core i7;8550U;16 GB;DDR4;UHD Graphics 620;SSD;512 GB;-;-;1775,0;4,645633802816901;8246;15
939;Core i5;1035G7;8 GB;DDR4;Iris Plus Graphics;SSD;256 GB;-;-;1779,0;5,315345699831366;9456;15
940;Core i7;9750H;16 GB;DDR4;GeForce RTX 2060;SSD;1000 GB;-;-;1779,0;7,57672849915683;13479;45
941;Core i7;8750H;16 GB;DDR4;GeForce RTX 2060;SSD;512 GB;Hybrid;1000 GB;1779,0;6,970770095559303;12401;45
942;Core i7;8750H;16 GB;DDR4;GeForce GTX 1070;SSD;256 GB;HDD;1000 GB;1782,0;6,959034792368126;12401;45
944;Core i5;8400H;16 GB;DDR4;GeForce GTX 1050;SSD;256 GB;SSD;16 GB;1788,0;5,821029082774049;10408;45
945;Core i7;8750H;16 GB;DDR4;GeForce RTX 2060;SSD;512 GB;-;-;1789,0;6,931805477920626;12401;45
946;Core i7;9750H;16 GB;DDR4;GeForce GTX 1660 Ti;SSD;512 GB;-;-;1792,0;7,521763392857143;13479;45
947;Core i7;8650U;16 GB;DDR4;UHD Graphics 620;SSD;512 GB;-;-;1798,0;4,8364849833147945;8696;15
948;Core i7;9750H;16 GB;DDR4;GeForce GTX 1660Ti;SSD;512 GB;-;-;1799,0;7,492495831017232;13479;45
949;Core i7;8565U;16 GB;DDR4;GeForce MX250;SSD;512 GB;SSD;32 GB;1799,0;4,9494163424124515;8904;15
950;Core i7;8550U;16 GB;DDR4;UHD Graphics 620;SSD;1000 GB;-;-;1799,0;4,583657587548638;8246;15
953;Core i7;8565U;16 GB;DDR4;GeForce GTX 1050;SSD;512 GB;-;-;1799,0;4,9494163424124515;8904;15
954;Core i5;8305G;8 GB;DDR4;Radeon RX Vega 870;SSD;256 GB;-;-;1799,0;4,973318510283491;8947;65
956;Core i7;8550U;8 GB;DDR4;UHD Graphics 620;SSD;256 GB;-;-;1799,0;4,583657587548638;8246;15
957;Core i7;8750H;16 GB;DDR4;GeForce GTX 1060;SSD;256 GB;Hybrid;1000 GB;1799,0;6,893274041133964;12401;45
959;Core i7;9750H;16 GB;DDR4;GeForce RTX 2060;SSD;256 GB;HDD;1000 GB;1803,0;7,475873544093178;13479;45
960;Core i5;8300H;8 GB;DDR4;GeForce GTX 1050;SSD;128 GB;HDD;1000 GB;1803,99;5,246703141369963;9465;45
961;Core i5;8305G;8 GB;DDR4;Radeon Pro WX Vega M GL;SSD;256 GB;-;-;1809,99;4,943121232713993;8947;65
962;Core i7;8550U;8 GB;DDR4;UHD Graphics 620;SSD;512 GB;-;-;1819,0;4,533260032985157;8246;15
964;Core i7;8750H;16 GB;DDR4;GeForce GTX 1060;SSD;256 GB;HDD;2000 GB;1829,0;6,780207763805358;12401;45
966;Core i7;9750H;16 GB;DDR4;GeForce RTX 2060;SSD;512 GB;-;-;1848,0;7,2938311688311686;13479;45
967;Core i7;8550U;16 GB;DDR4;Quadro P500;SSD;256 GB;-;-;1848,9;4,459949158959381;8246;15
968;Core i7;8565U;16 GB;DDR4;UHD Graphics 620;SSD;512 GB;-;-;1849,0;4,8155759870200106;8904;15
970;Core i7;9850H;16 GB;DDR4;UHD Graphics 630;SSD;512 GB;-;-;1849,0;7,612763656030286;14076;45
971;Core i5;9300H;8 GB;DDR4;GeForce GTX 1650;SSD;256 GB;-;-;1849,0;5,277447268793943;9758;45
973;Core i5;8265U;8 GB;DDR4;UHD Graphics 620;SSD;256 GB;-;-;1852,0;4,3077753779697625;7978;15
974;Core i5;8265U;16 GB;DDR4;UHD Graphics 620;SSD;512 GB;-;-;1855,0;4,300808625336927;7978;15
975;Core i7;9750H;16 GB;DDR4;GeForce GTX 1660 Ti;SSD;512 GB;-;-;1859,0;7,250672404518558;13479;45
977;Core i7;8750H;16 GB;DDR4;GeForce GTX 1070;SSD;256 GB;HDD;1000 GB;1860,0;6,667204301075269;12401;45
978;Core i5;8300H;8 GB;DDR4;Radeon RX Vega 870;SSD;128 GB;HDD;1000 GB;1860,0;5,088709677419355;9465;45
979;Core i7;7600U;8 GB;DDR4;Iris Plus Graphics 640;SSD;256 GB;-;-;1867,85;2,735765719945392;5110;15
981;Core i7;8650U;16 GB;DDR4;UHD Graphics 620;SSD;512 GB;-;-;1874,73;4,63853461565132;8696;15
982;Core i7;9750H;16 GB;DDR4;GeForce RTX 2060;SSD;512 GB;-;-;1879,0;7,1734965407131455;13479;45
983;Core i7;9750H;16 GB;DDR4;GeForce RTX 2060;SSD;1000 GB;-;-;1889,0;7,1355214399152995;13479;45
985;Core i5;8250U;8 GB;DDR4;UHD Graphics 620;SSD;256 GB;-;-;1897,0;4,033210332103321;7651;15
986;Core i7;8750H;16 GB;DDR4;GeForce GTX 1050 Ti;SSD;512 GB;-;-;1899,0;6,530279094260137;12401;45
987;Core i7;8565U;16 GB;DDR4;GeForce GTX 1050;SSD;512 GB;-;-;1899,0;4,688783570300158;8904;15
989;Core i7;8750H;8 GB;DDR4;GeForce GTX 1060;SSD;128 GB;HDD;1000 GB;1899,0;6,530279094260137;12401;45
990;Core i7;8750H;16 GB;DDR4;GeForce GTX 1070;SSD;256 GB;Hybrid;1000 GB;1899,0;6,530279094260137;12401;45
991;Core i7;8750H;16 GB;DDR4;GeForce GTX 1070;SSD;256 GB;-;-;1899,0;6,530279094260137;12401;45
992;Core i7;8550U;16 GB;DDR4;UHD Graphics 620;SSD;512 GB;-;-;1899,0;4,3422854133754605;8246;15
993;Core i7;8565U;16 GB;DDR4;UHD Graphics 620;SSD;512 GB;-;-;1899,0;4,688783570300158;8904;15
994;Core i7;8750H;16 GB;DDR4;GeForce RTX 2060;SSD;256 GB;Hybrid;1008 GB;1899,0;6,530279094260137;12401;45
995;Core i7;9750H;16 GB;DDR4;GeForce GTX 1660 Ti;SSD;256 GB;-;-;1899,9;7,094583925469761;13479;45
996;Core i7;8565U;16 GB;DDR4;UHD Graphics 620;SSD;512 GB;-;-;1908,99;4,664246538745619;8904;15
997;Core i5;8250U;8 GB;DDR4;UHD Graphics 620;SSD;256 GB;-;-;1911,0;4,003663003663004;7651;15
998;Core i7;8750H;16 GB;DDR4;GeForce RTX 2060;SSD;256 GB;HDD;1000 GB;1916,57;6,47041329040943;12401;45
999;Core i7;8750H;8 GB;DDR4;GeForce GTX 1050 Ti;SSD;256 GB;-;-;1922,99;6,44881148627918;12401;45
1000;Core i7;8750H;8 GB;DDR4;GeForce GTX 1050 Ti;SSD;256 GB;-;-;1929,0;6,42871954380508;12401;45
1001;Core i7;8550U;16 GB;DDR4;Radeon FirePro WX3100;SSD;1000 GB;-;-;1933,0;4,2659079151577854;8246;15
1002;Core i7;8750H;16 GB;DDR4;GeForce GTX 1050;SSD;256 GB;-;-;1936,0;6,4054752066115705;12401;45
1003;Core i7;8750H;16 GB;DDR4;GeForce GTX 1050 Ti;SSD;512 GB;-;-;1939,0;6,39556472408458;12401;45
1004;Core i7;8750H;16 GB;DDR4;GeForce GTX 1060;SSD;256 GB;HDD;1000 GB;1945,0;6,375835475578406;12401;45
1005;Core i7;8750H;8 GB;DDR4;Quadro P1000;SSD;256 GB;-;-;1945,0;6,375835475578406;12401;45
1008;Core i7;8750H;16 GB;DDR4;GeForce GTX 1060;SSD;256 GB;HDD;1000 GB;1949,0;6,362750128270908;12401;45
1009;Core i7;8565U;16 GB;DDR4;UHD Graphics 620;SSD;512 GB;-;-;1949,0;4,568496664956388;8904;15
1010;Core i7;9750H;16 GB;DDR4;GeForce RTX 2060;SSD;256 GB;HDD;1000 GB;1949,0;6,915854284248333;13479;45
1011;Core i7;8750H;16 GB;DDR4;GeForce GTX 1060;SSD;256 GB;Hybrid;1000 GB;1949,0;6,362750128270908;12401;45
1012;Core i7;8565U;16 GB;DDR4;UHD Graphics 620;SSD;512 GB;-;-;1969,0;4,522092432706958;8904;15
1013;Core i7;8550U;16 GB;DDR4;UHD Graphics 620;SSD;512 GB;-;-;1969,99;4,185808049787055;8246;15
1014;Core i7;9750H;16 GB;DDR4;GeForce RTX 2060;SSD;512 GB;-;-;1972,0;6,835192697768763;13479;45
1015;Core i7;8665U;16 GB;DDR4;UHD Graphics 620;SSD;512 GB;-;-;1978,95;4,5397811970994715;8984;15
1016;Core i7;8750H;8 GB;DDR4;UHD Graphics 630;SSD;256 GB;-;-;1985,0;6,24735516372796;12401;45
1017;Core i7;8750H;8 GB;DDR4;Quadro P1000;SSD;512 GB;-;-;1989,0;6,234791352438411;12401;45
1019;Core i5;8350U;8 GB;DDR4;UHD Graphics 620;SSD;256 GB;-;-;1996,2;4,077747720669271;8140;15
1021;Core i7;8750H;8 GB;DDR4;GeForce GTX 1050 Ti;SSD;128 GB;HDD;1000 GB;1999,0;6,20360180090045;12401;45
1022;Core i7;9750H;16 GB;DDR4;GeForce RTX 2070;SSD;512 GB;-;-;1999,0;6,742871435717859;13479;45
1024;Core i7;7500U;8 GB;DDR4;HD Graphics 620;SSD;512 GB;-;-;1999,0;2,56328164082041;5124;15
1026;Core i7;8750H;16 GB;DDR4;GeForce RTX 2060;SSD;128 GB;HDD;1000 GB;1999,0;6,20360180090045;12401;45
1027;Core i7;9750H;16 GB;DDR4;GeForce RTX 2060;SSD;512 GB;-;-;1999,9;6,739836991849592;13479;45
1028;Core i7;8665U;16 GB;DDR4;UHD Graphics 620;SSD;512 GB;-;-;2003,99;4,483056302676161;8984;15
1029;Core i7;9750H;16 GB;DDR4;GeForce RTX 2070;SSD;512 GB;HDD;1000 GB;2005,0;6,722693266832918;13479;45
1030;Core i7;8705G;8 GB;DDR4;Radeon RX Vega 870;SSD;256 GB;-;-;2010,87;4,915285423722071;9884;65
1031;Core i7;8750H;16 GB;DDR4;GeForce RTX 2060;SSD;256 GB;HDD;1000 GB;2014,0;6,157398212512413;12401;45
1032;Core i7;9750H;16 GB;DDR4;GeForce RTX 2060;SSD;256 GB;HDD;1000 GB;2049,0;6,578330893118594;13479;45
1033;Core i7;9750H;16 GB;DDR4;Quadro P620;SSD;256 GB;HDD;1000 GB;2049,0;6,578330893118594;13479;45
1034;Core i7;9750H;16 GB;DDR4;GeForce RTX 2060;SSD;512 GB;-;-;2049,0;6,578330893118594;13479;45
1035;Core i7;9750H;16 GB;DDR4;GeForce RTX 2070;SSD;512 GB;-;-;2064,0;6,530523255813954;13479;45
1036;Core i7;8565U;16 GB;DDR4;UHD Graphics 620;SSD;512 GB;-;-;2074,0;4,293153326904532;8904;15
1037;Core i7;8550U;16 GB;DDR4;GeForce MX150;SSD;512 GB;-;-;2092,0;3,9416826003824093;8246;15
1041;Core i7;8705G;8 GB;DDR4;Radeon RX Vega 870;SSD;512 GB;-;-;2099,0;4,708909004287756;9884;65
1042;Core i7;8550U;8 GB;DDR4;UHD Graphics 620;SSD;512 GB;-;-;2099,0;3,928537398761315;8246;15
1044;Core i7;7700HQ;16 GB;DDR4;GeForce GTX 1070;SSD;256 GB;HDD;1000 GB;2099,0;4,176274416388757;8766;45
1045;Core i7;8750H;16 GB;DDR4;Quadro P1000;SSD;256 GB;-;-;2099,0;5,908051453072892;12401;45
1046;Core i7;8750H;16 GB;DDR4;GeForce GTX 1070;SSD;256 GB;HDD;1000 GB;2100,17;5,904760090849789;12401;45
1047;Core i7;8565U;16 GB;DDR4;UHD Graphics 620;SSD;512 GB;-;-;2101,0;4,2379819133745835;8904;15
1048;Core i7;9750H;8 GB;DDR4;GeForce GTX 1650;SSD;512 GB;-;-;2103,0;6,40941512125535;13479;45
1049;Core i7;9750H;16 GB;DDR4;GeForce RTX 2060;SSD;512 GB;HDD;1000 GB;2112,0;6,3821022727272725;13479;45
1050;Core i7;8665U;16 GB;DDR4;UHD Graphics 620;SSD;512 GB;-;-;2115,0;4,247754137115839;8984;15
1051;Core i7;8850H;16 GB;DDR4;Quadro P1000;SSD;256 GB;-;-;2119,0;6,127890514393582;12985;45
1052;Core i7;8750H;16 GB;DDR4;GeForce GTX 1050 Ti;SSD;256 GB;-;-;2129,0;5,824800375763269;12401;45
1053;Core i7;8750H;16 GB;DDR4;Quadro P2000;SSD;256 GB;HDD;1000 GB;2138,0;5,800280636108512;12401;45
1054;Core i7;8750H;16 GB;DDR4;GeForce GTX 1050;SSD;512 GB;-;-;2138,0;5,800280636108512;12401;45
1055;Core i7;8650U;8 GB;DDR4;UHD Graphics 620;SSD;256 GB;-;-;2145,0;4,054079254079254;8696;15
1056;Core i7;8650U;16 GB;DDR4;UHD Graphics 620;SSD;512 GB;-;-;2145,0;4,054079254079254;8696;15
1057;Core i7;9750H;16 GB;DDR4;GeForce RTX 2060;SSD;512 GB;-;-;2149,0;6,272219637040484;13479;45
1058;Core i7;8750H;16 GB;DDR4;GeForce GTX 1070;SSD;256 GB;Hybrid;1008 GB;2149,0;5,77059097254537;12401;45
1059;Core i7;8550U;16 GB;DDR4;UHD Graphics 620;SSD;512 GB;-;-;2149,0;3,8371335504885993;8246;15
1061;Core i7;8565U;16 GB;DDR4;GeForce GTX 1050 Ti;SSD;512 GB;HDD;1000 GB;2149,0;4,143322475570033;8904;15
1062;Core i7;-;16 GB;DDR4;Quadro P600;SSD;512 GB;-;-;2153,8;0,914662457052651;1970;5
1063;Core i7;8750H;8 GB;DDR4;Quadro P2000;SSD;256 GB;-;-;2165,0;5,727944572748268;12401;45
1064;Core i7;1065G7;16 GB;DDR4;Iris Plus Graphics;SSD;512 GB;-;-;2166,0;4,969067405355494;10763;15
1065;Core i7;1065G7;16 GB;DDR4;Iris Plus Graphics;SSD;256 GB;-;-;2169,0;4,962194559704933;10763;15
1066;Core i7;10710U;16 GB;DDR4;GeForce GTX 1650;SSD;512 GB;-;-;2169,0;6,01751959428308;13052;15
1067;Core i7;8750H;16 GB;DDR4;GeForce GTX 1060;SSD;512 GB;-;-;2175,0;5,701609195402299;12401;45
1068;Core i7;8750H;16 GB;DDR4;Quadro P2000;SSD;256 GB;-;-;2179,0;5,691142726021111;12401;45
1072;Core i7;9750H;16 GB;DDR4;GeForce RTX 2070;SSD;512 GB;-;-;2190,0;6,154794520547945;13479;45
1073;Core i7;9750H;16 GB;DDR4;GeForce GTX 1650;SSD;512 GB;-;-;2199,0;6,129604365620737;13479;45
1074;Core i7;9750H;16 GB;DDR4;GeForce GTX 1650;SSD;512 GB;-;-;2199,0;6,129604365620737;13479;45
1075;Core i7;1065G7;16 GB;DDR4;Iris Plus Graphics;SSD;512 GB;-;-;2199,0;4,89449749886312;10763;15
1077;Core i7;8565U;16 GB;DDR4;GeForce GTX 1050;SSD;1000 GB;-;-;2199,0;4,0491132332878585;8904;15
1079;Core i7;8750H;16 GB;DDR4;Quadro P1000;SSD;256 GB;-;-;2199,0;5,639381537062301;12401;45
1080;Core i7;8550U;8 GB;DDR4;UHD Graphics 620;SSD;256 GB;-;-;2199,0;3,749886311959982;8246;15
1081;Core i7;8750H;16 GB;DDR4;GeForce RTX 2060;SSD;256 GB;HDD;1000 GB;2199,23;5,638791758933809;12401;45
1082;Core i7;8750H;16 GB;DDR4;Quadro P2000;SSD;256 GB;HDD;1000 GB;2215,0;5,598645598194131;12401;45
1083;Core i7;8565U;16 GB;DDR4;GeForce MX150;SSD;512 GB;-;-;2239,0;3,976775346136668;8904;15
1084;Core i7;8750H;16 GB;DDR4;GeForce RTX 2060;SSD;512 GB;-;-;2240,0;5,536160714285714;12401;45
1085;Core i7;9750H;16 GB;DDR4;GeForce RTX 2070;SSD;256 GB;HDD;1000 GB;2241,0;6,014725568942437;13479;45
1086;Core i7;9750H;16 GB;DDR4;GeForce RTX 2060;SSD;512 GB;HDD;1000 GB;2249,0;5,993330369052912;13479;45
1087;Core i7;8565U;16 GB;DDR4;UHD Graphics 620;SSD;256 GB;-;-;2249,0;3,959092930191196;8904;15
1088;Core i7;8750H;8 GB;DDR4;Quadro P1000;SSD;256 GB;-;-;2265,0;5,475055187637969;12401;45
1090;Core i5;8305G;8 GB;DDR4;Radeon RX Vega 870;SSD;256 GB;-;-;2269,0;3,9431467606875277;8947;65
1091;Core i7;8750H;16 GB;DDR4;GeForce GTX 1060;SSD;128 GB;HDD;1000 GB;2269,0;5,465403261348611;12401;45
1092;Core i7;9750H;16 GB;DDR4;Quadro T1000;SSD;256 GB;HDD;1000 GB;2272,03;5,9325801155794595;13479;45
1093;Core i7;8750H;16 GB;DDR4;GeForce RTX 2070;SSD;256 GB;HDD;1000 GB;2274,0;5,453386103781882;12401;45
1094;Core i7;8705G;8 GB;DDR4;Radeon RX Vega 870;SSD;512 GB;-;-;2275,9;4,342897315347774;9884;65
1095;Core i7;9750H;16 GB;DDR4;GeForce RTX 2060;SSD;512 GB;-;-;2279,0;5,914436156208864;13479;45
1097;Core i7;8550U;16 GB;DDR4;GeForce MX150;SSD;512 GB;-;-;2291,0;3,599301615015277;8246;15
1098;Core i7;8750H;16 GB;DDR4;GeForce RTX 2060;SSD;512 GB;-;-;2297,0;5,3987810187200695;12401;45
1099;Core i7;8565U;8 GB;DDR4;UHD Graphics 620;SSD;512 GB;SSD;512 GB;2299,0;3,8729882557633752;8904;15
1100;Core i7;8750H;16 GB;DDR4;GeForce RTX 2070;SSD;512 GB;HDD;1000 GB;2299,0;5,394084384515007;12401;45
1101;Core i7;8850H;8 GB;DDR4;Quadro P1000;SSD;256 GB;HDD;1000 GB;2299,0;5,6481078729882555;12985;45
1102;Core i7;8650U;8 GB;DDR4;UHD Graphics 620;SSD;256 GB;-;-;2310,0;3,7645021645021646;8696;15
1103;Core i7;8550U;16 GB;DDR4;UHD Graphics 630;SSD;256 GB;-;-;2319,0;3,5558430357912894;8246;15
1104;Core i7;9750H;16 GB;DDR4;GeForce RTX 2070;SSD;512 GB;HDD;1000 GB;2342,0;5,75533731853117;13479;45
1105;Core i7;9750H;16 GB;DDR4;GeForce RTX 2060;SSD;1000 GB;-;-;2345,0;5,747974413646055;13479;45
1106;Core i7;8750H;16 GB;DDR4;GeForce RTX 2060;SSD;512 GB;-;-;2349,0;5,2792677735206475;12401;45
1107;Core i7;9750H;16 GB;DDR4;GeForce RTX 2070;SSD;512 GB;-;-;2349,0;5,738186462324394;13479;45
1108;Core i7;8850H;16 GB;DDR4;Quadro P2000;SSD;512 GB;HDD;2000 GB;2355,0;5,51380042462845;12985;45
1109;Core i7;8565U;16 GB;DDR4;GeForce MX150;SSD;1000 GB;-;-;2359,0;3,7744807121661723;8904;15
1110;Core i7;7500U;8 GB;DDR4;HD Graphics 620;SSD;512 GB;-;-;2360,15;2,1710484503103618;5124;15
1111;Core i7;8750H;16 GB;DDR4;GeForce GTX 1050 Ti;SSD;1000 GB;-;-;2369,0;5,234698184888138;12401;45
1112;Core i7;9750H;16 GB;DDR4;GeForce RTX 2070;SSD;256 GB;HDD;1000 GB;2369,0;5,689742507387083;13479;45
1113;Core i7;8750H;16 GB;DDR4;GeForce RTX 2070;SSD;256 GB;HDD;1000 GB;2370,0;5,232489451476793;12401;45
1114;Core i7;9750H;16 GB;DDR4;GeForce RTX 2060;SSD;1000 GB;-;-;2396,6;5,624217641659017;13479;45
1117;Core i5;8565U;16 GB;DDR4;UHD Graphics 620;SSD;1000 GB;-;-;2399,0;3,7115464776990414;8904;15
1118;Core i7;8750H;16 GB;DDR4;GeForce RTX 2060;SSD;512 GB;Hybrid;1008 GB;2399,0;5,169237182159233;12401;45
1119;Core i7;8750H;16 GB;DDR4;GeForce RTX 2070;SSD;512 GB;-;-;2399,0;5,169237182159233;12401;45
1120;Core i7;8750H;16 GB;DDR4;Quadro P2000;SSD;256 GB;-;-;2399,0;5,169237182159233;12401;45
1121;Core i7;8750H;16 GB;DDR4;Radeon Pro 555X;SSD;256 GB;-;-;2399,01;5,169215634782681;12401;45
1122;Core i7;9750H;16 GB;DDR4;GeForce RTX 2070;SSD;512 GB;HDD;1000 GB;2399,9;5,616484020167507;13479;45
1123;Core i7;8750H;8 GB;DDR4;GeForce RTX 2060;SSD;256 GB;Hybrid;1008 GB;2402,0;5,1627810158201495;12401;45
1125;Core i7;8850H;16 GB;DDR4;Quadro P2000;SSD;512 GB;-;-;2410,0;5,3879668049792535;12985;45
1126;Core i7;8750H;16 GB;DDR4;GeForce RTX 2070;SSD;512 GB;-;-;2432,0;5,0990953947368425;12401;45
1128;Core i7;8750H;16 GB;DDR4;GeForce RTX 2070;SSD;256 GB;-;-;2449,0;5,06369946917109;12401;45
1129;Core i7;8750H;16 GB;DDR4;GeForce RTX 2070;SSD;256 GB;HDD;1000 GB;2449,0;5,06369946917109;12401;45
1130;Core i7;8750H;16 GB;DDR4;GeForce RTX 2060;SSD;256 GB;-;-;2456,0;5,0492671009771986;12401;45
1132;Core i7;9750H;16 GB;DDR4;GeForce RTX 2070;SSD;512 GB;-;-;2470,0;5,457085020242915;13479;45
1134;Core i7;8850H;8 GB;DDR4;Quadro P2000;SSD;512 GB;-;-;2493,0;5,208584035298837;12985;45
1136;Core i7;1065G7;16 GB;DDR4;Iris Plus Graphics;SSD;512 GB;-;-;2499,0;4,3069227691076435;10763;15
1137;Core i7;8750H;16 GB;DDR4;GeForce GTX 1070;SSD;256 GB;-;-;2499,0;4,9623849539815925;12401;45
1138;Core i7;8550U;16 GB;DDR4;Quadro P500;SSD;512 GB;-;-;2499,0;3,299719887955182;8246;15
1139;Core i7;9750H;16 GB;DDR4;GeForce RTX 2060 Max-Q;SSD;256 GB;HDD;1000 GB;2499,0;5,393757503001201;13479;45
1140;Core i7;8750H;16 GB;DDR4;GeForce GTX 1070;SSD;512 GB;HDD;1000 GB;2499,26;4,961868713139089;12401;45
1141;Core i7;8750H;16 GB;DDR4;GeForce RTX 2060;SSD;512 GB;-;-;2527,0;4,907400079145232;12401;45
1142;Core i7;9850H;16 GB;DDR4;Quadro T1000;SSD;512 GB;HDD;2000 GB;2529,2;5,565396172702831;14076;45
1143;Core i7;8750H;16 GB;DDR4;GeForce RTX 2070;SSD;512 GB;-;-;2532,0;4,897709320695102;12401;45
1144;Core i7;9750H;16 GB;DDR4;GeForce GTX 1650;SSD;1000 GB;-;-;2548,99;5,28797680649983;13479;45
1145;Core i7;8565U;16 GB;DDR4;UHD Graphics 620;SSD;512 GB;SSD;512 GB;2549,0;3,4931345625735584;8904;15
1146;Core i7;1065G7;16 GB;DDR4;Iris Plus Graphics;SSD;512 GB;-;-;2562,0;4,2010148321623735;10763;15
1147;Core i7;-;16 GB;DDR4;Radeon Pro 555X;SSD;256 GB;-;-;2571,0;0,7662388175807079;1970;5
1148;Core i7;8705G;16 GB;DDR4;Radeon RX Vega 870;SSD;512 GB;-;-;2578,0;3,833979829325058;9884;65
1149;Core i7;8705G;16 GB;DDR4;Radeon RX Vega M GL;SSD;512 GB;-;-;2578,0;3,833979829325058;9884;65
1151;Core i7;9750H;16 GB;DDR4;GeForce RTX 2070;SSD;1000 GB;-;-;2579,0;5,226444358278402;13479;45
1152;Core i7;8750H;16 GB;DDR4;GeForce GTX 1080;SSD;512 GB;-;-;2593,0;4,782491322792133;12401;45
1153;Core i7;8750H;16 GB;DDR4;GeForce RTX 2060;SSD;512 GB;Hybrid;1008 GB;2598,0;4,77328714395689;12401;45
1154;Core i7;9750H;16 GB;DDR4;GeForce RTX 2070;SSD;512 GB;-;-;2599,0;5,186225471335129;13479;45
1155;Core i7;9750H;16 GB;DDR4;GeForce RTX 2070;SSD;8 GB;SSD;8 GB;2599,0;5,186225471335129;13479;45
1156;Core i7;9750H;16 GB;DDR4;Quadro T1000;SSD;256 GB;-;-;2599,0;5,186225471335129;13479;45
1157;Core i7;8550U;16 GB;DDR4;UHD Graphics 620;SSD;1000 GB;-;-;2599,0;3,1727587533666797;8246;15
1158;Core i7;8750H;16 GB;DDR4;GeForce GTX 1070;SSD;256 GB;HDD;1000 GB;2625,0;4,7241904761904765;12401;45
1159;Core i7;8750H;8 GB;DDR4;GeForce RTX 2060;SSD;128 GB;Hybrid;1008 GB;2629,0;4,7170026626093575;12401;45
1160;Core i7;8550U;16 GB;DDR4;UHD Graphics 620;SSD;1000 GB;-;-;2633,0;3,131788834029624;8246;15
1161;Core i7;8850H;16 GB;DDR4;Radeon Pro 560X;SSD;512 GB;-;-;2635,99;4,926042966779085;12985;45
1162;Core i7;9750H;16 GB;DDR4;GeForce GTX 1660 Ti;SSD;256 GB;HDD;1000 GB;2638,5;5,108584422967596;13479;45
1163;Core i7;8750H;16 GB;DDR4;GeForce RTX 2070;SSD;512 GB;-;-;2649,0;4,6813892034730085;12401;45
1164;Core i7;8750H;8 GB;DDR4;GeForce RTX 2060;SSD;256 GB;-;-;2669,0;4,646309479205695;12401;45
1165;Core i7;9750H;16 GB;DDR4;GeForce RTX 2070;SSD;1000 GB;-;-;2679,0;5,031354983202688;13479;45
1166;Core i7;8750H;16 GB;DDR4;GeForce RTX 2070;SSD;256 GB;HDD;1000 GB;2679,0;4,6289660321015305;12401;45
1167;Core i7;8750H;16 GB;DDR4;GeForce GTX 1060;SSD;512 GB;-;-;2695,0;4,601484230055658;12401;45
1168;Core i7;9750H;16 GB;DDR4;GeForce RTX 2080;SSD;256 GB;HDD;1000 GB;2697,0;4,9977753058954395;13479;45
1169;Core i7;9750H;16 GB;DDR4;GeForce GTX 1650;SSD;1000 GB;-;-;2697,99;4,9959414230593895;13479;45
1171;Core i7;9750H;16 GB;DDR4;GeForce RTX 2060;SSD;512 GB;-;-;2699,0;4,994071878473509;13479;45
1172;Core i7;8750H;8 GB;DDR4;GeForce RTX 2060;SSD;128 GB;Hybrid;1008 GB;2699,0;4,594664690626158;12401;45
1173;Core i7;8750H;16 GB;DDR4;GeForce RTX 2080;SSD;256 GB;HDD;1000 GB;2714,0;4,569270449521002;12401;45
1174;Core i7;9750H;16 GB;DDR4;GeForce RTX 2070;SSD;1000 GB;-;8 GB;2719,0;4,957337256344244;13479;45
1175;Core i7;8750H;16 GB;DDR4;GeForce RTX 2060;SSD;128 GB;Hybrid;1008 GB;2739,0;4,527564804673238;12401;45
1176;Core i7;8705G;16 GB;DDR4;Radeon RX Vega 870;SSD;512 GB;-;-;2755,01;3,5876457798701273;9884;65
1178;Core i7;8750H;16 GB;DDR4;GeForce RTX 2070;SSD;512 GB;-;-;2769,0;4,478512098230408;12401;45
1179;Core i7;8750H;16 GB;DDR4;GeForce RTX 2060;SSD;256 GB;Hybrid;1008 GB;2789,0;4,446396557906059;12401;45
1180;Core i7;9750H;16 GB;DDR4;GeForce GTX 1650;SSD;1000 GB;-;-;2799,0;4,815648445873526;13479;45
1181;Core i7;9750H;16 GB;DDR4;GeForce RTX 2080;SSD;512 GB;HDD;1000 GB;2800,0;4,813928571428572;13479;45
1182;Core i7;8850H;16 GB;DDR4;Quadro P3200;SSD;512 GB;HDD;2000 GB;2815,0;4,61278863232682;12985;45
1183;Core i7;8750H;16 GB;DDR4;GeForce RTX 2070;SSD;512 GB;HDD;1000 GB;2831,5;4,379657425392901;12401;45
1184;Core i7;8950HK;16 GB;DDR4;Quadro P2000;SSD;256 GB;-;-;2844,0;5,006680731364276;14239;45
1185;Core i7;8750H;16 GB;DDR4;GeForce RTX 2060;SSD;256 GB;HDD;1008 GB;2849,0;4,352755352755353;12401;45
1187;Core i7;9850H;16 GB;DDR4;Quadro T1000;SSD;512 GB;-;-;2889,0;4,872274143302181;14076;45
1188;Core i7;8700;8 GB;DDR4;GeForce RTX 2070;SSD;128 GB;Hybrid;1008 GB;2899,0;1,187305967575026;3442;35
1189;Core i7;8565U;16 GB;DDR4;GeForce MX250;SSD;512 GB;-;-;2899,0;3,0714039323904796;8904;15
1190;Core i7;8750H;16 GB;DDR4;GeForce GTX 1050 Ti;SSD;512 GB;-;-;2949,0;4,205154289589691;12401;45
1191;Core i7;9750H;16 GB;DDR4;GeForce RTX 2070;SSD;1000 GB;-;-;2949,0;4,570701932858596;13479;45
1192;Core i7;9750H;16 GB;DDR4;GeForce RTX 2080;SSD;512 GB;HDD;1000 GB;2954,99;4,561436756131155;13479;45
1193;Core i7;8705G;16 GB;DDR4;Radeon RX Vega 870;SSD;512 GB;-;-;2985,78;3,3103577624607303;9884;65
1195;Core i7;9750H;16 GB;DDR4;GeForce RTX 2070;SSD;512 GB;-;-;2997,0;4,4974974974974975;13479;45
1196;Core i7;8700;16 GB;DDR4;GeForce RTX 2070;SSD;256 GB;Hybrid;1008 GB;3050,0;1,1285245901639345;3442;35
1197;Core i7;8750H;16 GB;DDR4;GeForce RTX 2070;SSD;512 GB;Hybrid;1008 GB;3099,0;4,001613423685059;12401;45
1198;Core i7;8750H;16 GB;DDR4;GeForce RTX 2080;SSD;512 GB;HDD;1000 GB;3099,31;4,001213173254692;12401;45
1199;Core i7;9750H;16 GB;DDR4;GeForce GTX 1650;SSD;512 GB;-;-;3159,0;4,266856600189934;13479;45
1200;Core i7;7700HQ;8 GB;DDR4;Quadro M2200;SSD;256 GB;-;-;3177,28;2,7589636418571857;8766;45
1201;Core i7;9750H;16 GB;DDR4;GeForce RTX 2060;SSD;512 GB;-;-;3179,0;4,2400125825731365;13479;45
1202;Core i7;7700HQ;16 GB;DDR4;GeForce GTX 1070;SSD;256 GB;HDD;1000 GB;3190,2;2,7477901072033104;8766;45
1203;Core i7;9750H;16 GB;DDR4;GeForce RTX 2080;SSD;512 GB;-;-;3219,0;4,187325256290774;13479;45
1204;Core i7;8700;16 GB;DDR4;GeForce RTX 2070;SSD;512 GB;-;-;3247,99;1,05973232676209;3442;35
